446049.89013652736,-171369.85511044273,-374438.24168934,-43273.29795105732,-627001.3468656801,-739356.7739684399,-363907.09211455134,-841393.5114136899,-961340.1199446792,-266968.860183471,938277.5226594934,685713.3566421852,516227.3604990721,-200534.0525905122,-530117.3505426064,23126.300098772044,-396244.91242668894,680975.9547554788,-464952.6540089692,-325803.17156764923,285682.54864152893,435773.2564110302,-471275.37661731394,683503.5450322232,393008.17458660784,874556.2423035004,947138.9699918393,474553.6099684178,-762872.7028793006,277878.72114704386,891797.4246422732,-589672.9114855777,486984.61834665854,835257.414207747,-272044.2341462228,562807.0808835747,29949.392024388304,-193844.5040965604,11106.774688481237,-471545.5141176224,102411.93823098531,-782211.5227372402,-450371.7786221049,-192688.5293841774,529873.4554926411,930056.5406039692,-451427.2906197079,-277252.4668515326,-578846.4544174878,587235.0494628542,-740175.1819121194,-668848.6936984415,883408.9904199943,-970437.0006602868,629078.8291484576,435175.67055680766,457570.84046877245,-509491.03565411933,-136553.7951319595,-63508.12892201473,-289841.97606667015,347952.3882380822,729637.7104574351,240311.6886713719,62509.720157047734,-133555.04503014905,-775103.2496362977,-297413.18292408204,-925572.9965420607,964163.4397496865,-62037.9701769884,720168.2679480163,732109.2574983181,973483.1936791088,-123816.20337343554,-290395.4189393729,828311.7589908307,-78388.8655364433,459444.8207742865,-283591.96804719255,-468029.59969599755,-205271.17568492854,251276.42201452283,-340620.58350818814,152721.6799475057,553399.2327160393,-99821.63610937307,155488.51484048786,876494.1625243118,-244386.72229502955,812702.3687012903,-67900.13173046685,-358446.7995630072,-984053.733575509,195433.27012967668,811630.2133569012,-703965.4596016104,312844.9390952587,222189.0058542611,-340531.53726281365
-119521.89097946533,385435.0519876194,324402.80682030367,215216.81465231976,-281074.80030654976,-884827.0266441309,558438.1649559762,994015.2489632727,121436.29240858299,983865.9173498496,-371125.99092331156,745514.5055162814,751008.5983301844,905925.9482153622,-22212.865947010694,519305.19833635376,140588.66731031844,-164048.5512638914,-199195.48974124377,-350638.72864814475,-320061.98421534954,538089.806534929,-760004.5057253691,-864002.2879678571,867141.6501706508,-660274.8366716707,885986.4038765614,435799.46890071244,54165.21907602786,-457031.57877368317,536312.1838719368,-822198.3653715926,791367.1612059278,126666.22524811164,288486.6249415006,633737.6539980483,671011.4163937445,741960.1834053821,308537.02008185233,963429.2576804094,259895.64309707866,-239068.13990024617,-51496.84937775682,717595.4826437917,874919.2301962394,-532662.6216142274,-297483.172128084,-246173.8100369632,-795829.1113450741,587043.1320418015,739090.7736053611,907614.7407756872,973389.5220786738,665120.2464360143,839706.2070938004,370184.79132729163,233936.09539577924,672512.6728942299,-90833.18174678064,-638860.4528986572,127599.69898418267,-410188.929617157,-721234.8879806534,857892.1192030373,13269.82843505009,-918282.5145522351,736944.0078837052,-727672.8346384171,-944854.0194506939,-983383.3011832751,-856130.7337708459,554653.5405373392,-207063.78726970474,409239.5528337306,-298532.6390112388,-305456.6205873062,294872.56322952616,453785.44476656034,-223977.7728162877,-648517.9063747064,-781511.4790243516,618953.581166629,696924.3936512757,-290406.5921856143,239163.75898928056,762793.2245222041,758053.165689724,-705019.3153056346,734643.1328547858,859554.3956199053,-429476.3689602192,-225240.2326262344,405344.5257687315,109269.73658631998,-503377.8483011337,-984008.6225992915,745108.3274550498,341319.10911246366,-181583.2909103179,-174207.5755794408
781472.289749614,385053.3088369318,-336352.3949195071,183850.99369648728,411778.5552139727,543438.2425633543,749954.3559492328,712978.4633875955,-489042.9044632654,-60428.615716998815,746153.4384589742,314577.4530522241,90917.88406231347,382653.93676081835,967652.7073509374,569277.6041810806,-66276.12775905582,-552282.1877383528,-9226.98430694663,466890.6709170081,150867.6053496513,-151766.35677185212,543880.1420094294,565289.2888497356,645232.9668317174,796479.162212034,632225.4819143515,-68831.80095678894,7527.9045585099375,864952.0104545527,-409861.3124005714,-674703.6342790527,-990594.4938650883,-87446.22115858376,-262492.98562257993,97575.34469620185,996166.3676639872,659945.1545925606,-259204.41017865832,-638604.3018820507,-540779.1489187026,-331721.1785449417,714444.3025381756,267629.2358824564,-803281.6489484238,929418.1513557544,270661.47734346054,-250242.63608625438,539976.9278805847,709619.4460065381,-971187.2729531765,579937.5298569023,-41131.27100866393,365593.1773563556,828049.716400333,701208.7207042447,-704902.911176658,347326.2763409354,-966706.6525993791,-647656.8724572228,-249048.0233596015,-751353.283784004,-410994.0635424885,-796880.6153316717,298815.39609537786,-904280.2403401732,65130.427935348125,917215.7590747415,-988546.3037538731,140636.20714376797,-663193.4505504153,-500.75654961913824,-145249.29353960836,873045.7561775402,258292.77240649937,-327584.2656605083,855742.0184737099,340201.1589781635,866854.5413677979,569499.7989030068,-142407.34799561184,-902464.7731466778,19368.024118501693,-954808.8540580221,-180104.88812140934,-63436.39464183373,-65487.829349443666,70798.2238379009,647556.3580512959,-709718.654911504,-788692.6259902254,-574517.5648741805,-73756.16056395625,796026.3191761938,395006.31408058037,-106506.19268932671,-505787.783200514,-228473.41051016562,-829624.361991742,302301.42132530897
295294.89193511405,812723.0676965083,-193288.0483991031,-573216.9204189503,36439.2173006041,-114010.02284583764,-919935.1100707272,-958149.1101375761,884337.230357745,-737515.562980593,-852091.0215011851,-109071.01500058186,-834844.3896233031,-642815.4389943366,-376123.8752683529,202626.32357896515,84933.86665281095,-756104.9686842831,-416855.6508957924,-930864.4615412113,-672310.5333103872,406587.5631080477,619261.5117954535,879555.2234485762,-962638.6135800262,875383.4709843909,-604172.5439666933,44704.902757137315,833520.3960365718,124951.05499991053,-428153.7680004672,877848.9102454747,-555720.5737498141,-803647.3430546991,576296.5376806599,961785.0032307201,-226303.90697508072,-407205.820464013,538928.5003690794,-323377.67421922716,-1345.4559736585943,684960.2799049593,154918.23277363088,522183.43241596245,736183.40922371,-533117.4137572998,-185966.1279576628,143393.82464320748,-599530.3397435257,-166483.64736109308,-907886.3982730851,-938969.3571262441,-158719.46447531425,-65775.76980192633,614762.3923345339,-878851.6249088714,564468.4313063906,-774675.50601547,-842075.8724410495,-13608.254745359067,562709.6898446735,-321283.6939196666,-520827.8984696129,-284982.99344504054,536040.3714382059,829224.8549424238,167895.03236882272,-134115.9468832413,958005.7848660196,-866842.8556200014,-66278.45637910615,-579172.8196855744,-38340.752216778696,-184368.83096947265,422112.0656893228,262817.7637553774,725864.6516723868,592761.4768528533,-444698.97708961123,858892.1238086734,-81884.85950435884,-78433.42803432373,-744529.3681588285,511165.33606348,311191.2527893861,-419045.2201717079,-482690.070215418,-711397.9247526902,216181.80694134417,278305.64897724637,-880948.111044855,463411.5729808344,-260185.3897237305,512444.6154629919,-787107.4525590016,679819.313618087,-882878.0533745646,687465.1146832602,797475.6736859218,27587.03085519548
802151.9901204756,533970.0752169029,269560.9749874205,119193.56823722948,-138164.64413469913,-32486.40307730669,-110827.48674699944,-165919.8373425894,-126422.00954861636,-809725.3611062925,457243.6663217498,886736.5307125689,-727268.548801027,-83465.18759107683,977815.2388293692,872283.7413320998,-689394.5784588549,-848167.3133720516,606654.2841081137,850489.465266014,-759094.9707225763,684825.8083793712,66409.3460800224,-436114.13081705663,869040.4827349137,393175.58139598626,146326.43539627688,939059.9957313291,608371.1898351004,-985745.0673072516,726801.6398131305,-209559.26572128898,105065.1596557789,-735661.9131227547,667002.3691253418,-632259.6102027642,230114.8684047542,-45593.79592617322,864992.2082785817,-643210.1656895131,-685435.820056837,-526379.0385177336,-623015.7878486093,565429.5648266484,-128431.63770316844,231870.0640148495,-645378.9635005677,-564130.1939856496,-698897.1179507977,-101624.73768511182,527520.9617127767,-181057.27575599006,940948.5180487863,-357472.45786782634,-334423.900376444,984209.1210120292,-189891.0601634318,827371.6021028429,-261768.35814081389,-152611.34431780782,-589827.2108506324,17265.10932190204,514195.02066031424,768526.4785659413,710441.180802406,-953305.8261526906,879443.0161022271,61984.06188696297,-976779.9175623582,-609428.4868753494,-96598.32420279342,625206.5780959846,-954297.0968259692,-965534.3873199247,447551.7111521936,-389865.3172006024,294879.8333464144,660567.9879172537,-276998.32547264954,187845.69742362457,-85492.42100006784,-689155.5039329747,-683594.7999425454,617698.4456725938,288782.21929583023,-914467.9028720706,-569507.5206272565,-505341.46786339674,-357473.26220486104,931932.575732521,173272.73960017902,-65988.28973085363,-341603.6375299747,577480.9516288745,109209.41877828282,421260.2199392724,981881.2990325438,-399991.277477997,-4387.17153064406,-264928.2378043536
-614518.8230797474,420311.5310811694,-205234.2691164331,288747.47781046317,-606270.6281816676,-474314.2685497628,-317881.9853531916,-447930.0913570161,979746.3998294356,880578.4731792612,-397746.4374489037,-846338.8046298021,-674760.0152428747,667993.9748774855,-402884.4002888469,-914239.2879907974,221688.10277005215,-917760.5541033542,826242.7404226379,-906291.1983097619,455131.72296504746,678550.0358644037,599692.2757695261,-76151.2062624048,-138220.64455687255,-390042.7889278566,426973.9022372868,590966.6264123516,-202817.219996716,-172513.49809511972,-360846.0462305611,-27921.431723276502,972073.604607753,-994095.868020327,-800120.1967346212,372787.9779809881,-692683.8382674822,-729832.2719705779,536158.2817454627,-857499.8118094126,-328006.05393427727,-667543.1734443114,67801.71036561625,-335233.484254122,-266576.983748841,325867.799599214,482621.06599324173,806090.1495812857,534808.4005486006,-17062.41140603379,-730495.1299129894,461379.0149140693,-628861.705196182,-729671.9503388831,-720521.7458994124,63435.602944314945,-57972.50156050129,900163.7496467105,209623.29476098018,935197.2365847477,511462.4197466371,274778.95447762264,961801.8985853263,-775183.5554612549,144857.86715021194,-567227.4241213913,818027.1727593371,-856915.9720565544,873190.2575365391,-58416.732791531016,-987187.1686286709,-388970.21701160807,-642427.0340537988,963431.872195953,-760913.5554399953,492178.4442904545,260339.53357149474,761605.6434416941,942149.6496129497,527793.0186247572,-719809.7517330511,131411.56286557554,-955363.9179399811,106440.02677548933,-276046.2475480259,12214.781400477863,873014.7566441465,684727.2593068853,-85746.13776311325,994957.7599712943,-295601.5832377763,441554.5146769057,347532.70846893964,-945829.4303416037,652713.5267238829,830988.7783674954,-194615.09950241982,-936590.8311293054,177459.17044730275,-927280.7828169595
676317.3089927901,-803935.7940709408,-796025.9220056596,398389.45831260504,664207.4102103296,-33170.79644039692,38156.372484624735,940925.6950308047,-853503.4703892001,-888678.245656564,-564353.7780846292,-543306.0600484681,917683.9278995786,-741315.9749040781,318317.6562819246,-705909.9944245955,-649254.7111946627,-780012.670737846,480023.28660325357,-481207.4657324754,-358522.0654264309,-588988.0434244105,-38281.6006163609,-220051.6685522102,-384770.99438799825,530793.284808638,747845.1616906484,692925.154471837,381830.79893142125,-873827.9960740724,-867014.6038299331,-403764.64776011626,-712047.7460665004,-425957.33917910536,106923.69247167488,-810729.1528981251,-278758.08843503695,822010.3710143925,-387985.8203769531,103569.51769021363,522866.2969394126,882239.6910674751,-308465.132942709,297279.49533107993,-815421.9665887925,-742935.3196223312,-874630.3461011185,539432.9524102078,-958391.0742488557,-36160.71019752859,-105742.67051849118,447698.0204851709,644341.9838161352,-165234.18062501366,-4324.548591802479,788516.9562915515,-596744.3405312612,-457333.86096355773,-636871.4100409853,721655.7560801422,938414.0080436054,942327.8620738292,-710274.3119817312,-550546.9405521355,730231.9124465187,472593.64445815305,890463.5668942041,96014.77564345999,-447512.39519915637,208260.62786566187,-995465.7679240546,172336.0700726132,-914643.7247939496,646575.9869027312,293214.9829817591,223959.7753688034,728069.3659980423,-503032.6344950788,259673.8034957056,129793.6453965425,-700443.1754307353,395774.46720030485,624087.1120772471,-498395.5812609262,-871328.3342100484,627517.4055137055,678622.9014199858,-817792.3654212231,-848065.5047336918,-478977.3372245696,-361741.2766219396,427511.8630322637,-268683.0063887951,-72033.04681048414,794363.0284349639,-85420.6831828832,-458582.3198979695,824753.7246338935,-883905.1678297813,-70243.68506074708
353933.00728953956,-692778.6521398607,424908.674633428,-979128.3722607904,371244.85869920114,-683098.2283906986,-918229.4468592423,-368433.1162641172,939987.1178802443,132570.52434594464,239227.8857644701,136204.919115555,555696.8886722487,131910.31323296018,953067.5349941195,277513.47367110057,972791.6464795966,-4534.359136308078,-266616.97761304514,-462536.33694285364,900049.1792339727,-230633.7719384497,825842.9104802008,430317.7370425991,-708460.9785149652,479534.0453690842,391221.3355434318,813798.1147634003,770203.2683064749,746919.1160197235,-694511.4660651099,804473.1162841693,-394699.26287684415,995342.5269850979,310802.2436239959,-841434.5321311483,-21588.877232238767,-940400.8027620432,284959.70632235263,822100.8275243351,990363.4549386483,-527267.5988445661,-398317.34923477797,726304.9153227645,-763544.399951077,-146861.10334773897,441038.61763879075,10833.454033244168,224850.59187193937,-995272.8059063454,-234765.57142458798,754222.3964520292,-938498.1343195797,-590337.329288082,-824867.5655066029,567454.3713023581,-84711.93383863615,-585505.0088046121,874817.3906431869,269319.5630851609,-248652.15214451088,35694.709242274985,340416.2986251367,593321.0698962566,-258703.38462108315,830661.4862720433,707509.6364075046,676364.5862332629,552460.4779653903,-370900.0875967854,-995347.3986411626,-994705.530668523,474974.32955105626,-657385.3837356742,-398664.2923623696,-417204.57363305055,-717330.4899314719,889329.0050566786,-831025.7762955506,856457.1284078811,-656725.5469969155,805322.7481857578,76307.3815189139,79107.8053870385,364026.73411081964,-620691.7839006729,532613.7795608682,989044.5897935131,340359.0223538021,189898.835269402,-130331.6113001596,31616.436878698645,-349763.6023676201,-607802.3475987895,-522502.44717705116,20706.586292605032,-629898.9533836858,-475040.9070858512,-44505.088921818184,35585.048486595624
247372.33961700439,185440.30898795836,-92009.31270155974,156352.54107326944,535606.8433416018,36095.09388493362,380675.6241125569,898861.6523562418,-400634.043926517,999301.3685036674,343432.70577882417,-760707.2710875302,985416.6212269338,292238.9573679317,-850485.7739258298,667200.3986732687,431542.4744593676,172276.97887760866,644575.9036968572,-960545.599023038,510592.63736309856,430104.3329220603,543294.3782167879,439949.403734084,186830.29502889933,-521951.990401514,-971218.5098813111,-327047.5655758474,790989.2519939973,999292.8425095782,-25286.402498950367,383804.8908153898,-300662.0598508456,415581.3694610414,-28289.405562961474,885632.4490944662,972346.7167969998,-324729.1235112229,-384553.34628987487,-373397.0084328535,377064.43404177716,100953.8190470105,669291.6232929295,-319247.35438419983,99861.67001449596,-633124.6739746009,979329.9807497098,594571.2384719749,619838.7599782064,492462.88945059315,524017.9558173311,-645359.4615722591,738038.4120593488,779630.3300935926,-798868.2871740822,759308.0767753038,-280261.3452341822,-328557.29489690217,377495.0893767206,-400159.81886830356,200397.30314351013,865777.4930945716,-896933.4217692069,-338832.2432986391,-742162.9232243132,738028.244713323,354081.5888411857,474766.63101983164,-696035.7199353466,192480.30948290066,501735.4948947765,376007.09471732914,-628872.496044958,-41613.392885765876,-903024.7109273449,-70681.63652968849,-969901.3672574317,188276.1679525196,713065.0911020599,635150.9533214904,-460864.00972054387,71503.60520201572,957347.7926272571,-239402.18390983169,232477.79713048856,-221333.10153288627,-46251.72838892613,895273.6080311004,-698558.7624587633,-86458.76293343818,91782.6013778192,307353.7158303226,-857061.4207822133,799437.67579497,-671807.770925895,-217010.61295709328,-964800.5866598106,39967.6195716674,-662040.5464318264,-758269.6126516329
-692979.7346181459,-144086.86943839747,680449.5994982757,-588966.8493282769,271714.8498160029,293628.4698988416,-334796.81938103423,-991309.9452833394,-525384.7959255935,982214.2060148492,858339.4286693323,-41754.35719607212,745816.8333286264,-260939.32292163814,496942.3858433289,637110.7400844337,-779619.7272256704,-941436.6670955878,991295.5979778352,-59832.51528350869,128753.89132382325,-923723.8857439307,-752541.6557284719,-541957.7064573932,-609766.8804068161,-455143.6403953277,680517.365448074,-686041.5902511175,320288.19830723084,701979.8151404092,969942.7698369958,348477.0501437208,-33443.81634998333,-998588.4221238481,-486986.8718004513,730078.3436989395,343224.7448901178,-988591.8625745886,-336992.25339872553,605114.7861155132,-213723.10439379502,123741.15704190382,-880061.9379459054,738848.6923462607,874289.4195551453,223892.21139936615,-601995.0032365043,-634112.7139449469,-218668.57413468696,-749573.208687128,-652545.9548967974,538685.8653509766,608032.1775061209,-498549.6897320021,613752.7587196501,-800322.8879493221,-18062.43345206289,495539.71353148925,-138102.6033610875,42919.057870884426,-18105.551799965557,933250.3815494573,-663387.4132555422,-697941.5908410971,-755781.0036184178,590209.9960785389,-18854.523808383266,-757549.5088242579,526833.5793500249,-428074.5749667367,958587.3224961667,926441.2226758075,821665.1734485102,-371472.6490053191,984387.1765453841,-320791.2353906039,-283271.66060068726,861226.2060238016,46149.27590451704,-484581.28185666236,271930.50762018934,628444.6583579788,-661275.0660335902,76027.60112787248,595471.1785886043,736883.4136294038,611046.562529593,525958.2644954843,-919025.1462991945,-991828.5513706937,688233.9082433451,-513361.84127554565,689043.512956674,483350.3656481679,-230528.75855320983,547222.1274828154,-464171.175598503,856069.1484115839,-142091.96650670818,-838052.900757897
-137808.08567099157,-653423.4270400042,822614.6281566157,862555.9874593993,485109.13434640574,-155618.5954019169,524383.138431126,639516.9780066325,-996164.2725225615,643551.8877094134,192091.67555615655,83906.1459449234,450117.69651990384,-927198.5740116715,298440.305772654,53798.50372910267,310917.346254437,-506516.0039760892,-70294.88150900451,-129449.88852507854,696796.4395662756,731516.2382129377,-249090.88612477272,62671.86270709196,-685866.8503066556,-806360.4653292015,-763118.613647499,-135085.18828622426,-471750.6118142783,872691.2675278699,-817034.5894993143,-894247.3902425518,720688.4479023695,-81929.7181213738,-747627.6406694285,-912063.2962187736,42373.658051296836,-594903.9658982884,-89088.2177782011,-466071.24546240014,212782.00183182862,492535.18127403245,756651.0242564576,654888.846917545,601998.9201415821,-734972.6614021948,-796322.108180348,-297644.6287096159,785436.0566771112,-389630.4298313296,811027.4633944761,-302224.128109124,-869101.7746022396,465925.9662630409,29105.766792266513,-850169.1974965853,-180540.87537678855,439668.77409411897,-354496.84441476443,-453677.5978040317,-677013.6910608641,852013.9308086343,-564641.072855806,859658.7007422072,889735.890800342,-788968.9958300276,61449.71417685505,-138837.8158993133,-802964.7710636498,421168.2612537141,637024.8908506322,592031.4227775934,-248336.8595754269,192684.66634704126,-285237.73783971707,470469.4063594609,-143595.51724385505,428845.2404199939,626551.6655908851,-413320.13543451065,178071.62488014554,933206.1131024137,146121.35846472718,730050.7639591801,145259.9572106998,-865316.2189895282,250056.2911336429,316877.35645571654,40742.19730899716,555003.2711990189,994785.2960843404,636074.5636958897,175318.0162480804,-673840.4498145601,-742764.2744640928,-687428.2648210116,268426.81391748507,-190040.61528238386,-686623.7119435725,905028.4249012554
-861625.1167574148,-295681.667745296,-165596.55064637074,-338772.9401180373,-614041.9556588685,269969.43620117963,-314513.58528140956,683129.0069414875,-628274.4099707515,553032.5236673839,-98493.28305339313,298015.1101129723,726803.5638504834,874500.9790435419,707283.483740513,-566121.5647080877,-877698.8162398485,531785.5796389314,246030.55880127032,738322.9372781862,12975.219112162595,-487445.098629089,-369998.12583812175,-588550.7187630094,-428262.09159814054,401151.7264655826,-739038.5160685566,144121.05227433727,501074.58047444234,-834391.3815568357,-367131.65823083546,-887597.1389775625,-659469.4781576635,-290074.1057260629,-206623.4700788958,-115174.25981805159,-213074.97598997212,-516364.3516747016,692247.7347165796,134492.6106943707,-804863.5370204847,-763299.1558352011,620341.1359256976,475917.6054757829,-945175.9913798061,940042.1595193844,-970835.2184330522,-67192.36733355944,-865531.7113818512,-85660.81536290748,-32484.58435513603,412708.9395643417,187520.69700709078,-724333.833698201,-359175.2166580296,985742.7341998531,-610264.3979405796,-774363.2822862385,849450.0755577546,-68884.95113123744,-653569.9857322907,869372.1051068187,-771901.7954233068,741889.653286047,152032.9425246159,-489793.85896742844,69820.22752495832,964533.1698788379,-577248.7213966999,-169001.96605341393,47338.005383929005,767733.4789248663,-960621.6632979682,-634486.7552180612,-331577.03503165045,-486288.2903715706,-753752.0767067436,-208342.60953734035,727055.1544186177,-870899.2781121135,-461482.0214349888,-533787.4999472294,-740152.7321641701,805348.2893661824,-936346.1163231153,741569.3113186795,-898346.1075680845,9917.099890412297,480679.4272442972,-169317.32988520886,899934.8450421446,550576.471150581,-929666.1921261982,620358.3910774258,417342.2269679499,-771550.2030689303,773146.6591761087,-474844.01544932614,174428.00410967134,-982638.3687858722
-19147.953896928113,147487.8085589197,-921880.4416605799,-722091.9456323772,156827.67387916334,557001.858960059,-163602.13615716423,505419.6032476281,852928.3510712793,-467609.02598154,-607386.9201630629,452749.7568611342,-116214.27168444253,-973515.913334011,-486615.24704435054,-730881.4911654098,-568851.622590957,68928.91770569631,613314.6010586277,-514506.8893104554,-20742.798302409123,118367.54274299578,-876291.4229899335,-585267.0933830646,-349857.7435718961,-855001.6047950821,541284.0392828193,166178.60919132456,833149.1553518472,-446657.7167969645,-790690.4707217431,-322621.54969367106,-46246.72820535605,120561.60806693858,925761.1911925101,-731300.2979898872,392122.10429456853,270613.2568701771,293690.49713701895,-96362.01879872289,1257.5239861196605,-998266.4918406841,-870844.7381238238,791784.202222931,600483.3135122969,-434801.37986756477,464432.233908372,857025.258618163,-122427.95112584415,-703129.8801236425,796550.1656977285,-1616.7075066224206,-667258.9707577951,-37091.4654542862,432296.42201483855,966900.1956000412,347644.81753089256,958392.2355579957,-160068.73178694735,785220.0055422739,-813608.0093051749,62836.115211989265,911568.5759477038,960849.6044653407,-207237.67998410377,-728064.8220786017,613360.4118034786,-71103.65150231495,-146273.5805306445,-705085.2974378713,766378.9614790631,512745.22262886306,49443.09470564034,-341487.02964648453,267274.1643093296,-303706.114346129,-648017.2234005248,-300883.51895236666,104410.54895775719,94354.64849767392,791523.3719929333,-574034.115621581,308332.8635625378,688450.6470117115,-243778.36886452057,245881.99390350236,-406438.29702888755,26736.73086035787,-925218.2293568659,387933.069822588,-250195.64827920496,940373.9604785035,880513.4318830082,361308.9351428498,-897516.8513692553,-486050.30386787787,551950.3299228738,866462.3050653036,-292246.1337293871,391112.37917264807
-938244.9016663348,675932.0905624484,155582.9099857891,-464096.8006385255,41061.805827807635,719010.957569395,349053.74560373416,139256.19126788736,272427.66532026697,-210486.64550674602,993470.1581643948,-151803.43288693775,730981.1079131756,972506.2854471263,314429.84772178717,37202.98292979866,151172.59266663762,438773.61077337665,297700.00281075225,842148.6674990288,-303832.67280962947,-514471.88662725396,-997052.2414797791,40490.45320444123,543641.0581643507,-496731.42769958044,476496.9005755179,914081.984863793,572857.0999534496,-569567.4416270604,-607446.1023187889,939064.8060645654,-487755.3292521155,765098.6185414211,983375.1550368974,-8155.70793509006,-331471.2697758684,-694859.8004597657,-501965.93565652694,845203.8876744728,82998.56398042268,345791.52098544734,-763716.6890133158,853847.5025999388,-545153.7292727593,-424345.0501762036,517873.5398291305,895105.6233373897,-615985.1463977762,589200.6248372388,538982.77581951,-562435.1364870457,49045.30625521764,-343392.46925597684,-225571.62968696898,-655709.781145504,434482.09764737985,-904395.8593985557,-288823.78178949014,-313043.15148840554,-934527.4621283825,845184.9597579343,-216852.3273333545,-281603.9153153354,606310.9133942518,440069.30819480214,-612227.2884979685,593133.8605415178,934315.6895351293,957001.8155484104,396785.40609024,-859366.7441796109,440248.6159765702,852880.3780347721,788748.8242843538,580537.8217742175,196411.83575320803,534254.1863332884,252669.35137665947,61474.67323177261,-568085.8327816904,375988.3053925433,411114.093138861,932848.7410352561,585380.1460986964,-11538.530464973068,-926016.7974314378,561938.3014959553,363877.37050171127,-419716.86138195836,390772.67157429643,-835941.8798584631,-619420.3258648647,-936027.1639141033,-934463.099432816,377619.4012913313,-395136.88235102664,-633885.6925719546,-305061.205362646,89875.65323946672
-577289.846264426,-681336.3549355818,30782.986884990707,-449893.0221690014,-425528.57229922304,504230.16990244784,-17178.223203920177,-71837.98792435136,-323451.8106024978,-549490.683611944,356820.1416455719,759828.3265473025,-919161.8205378151,352658.50710561406,-95129.50644525548,-945639.114182925,827796.6963892642,-822855.6339466684,-965619.5405664583,-839456.6941434396,641871.4433206993,273670.4296095937,166276.23499259236,637894.4353468891,414572.75439818297,262725.1979469033,-566909.6134808296,-176066.85509191954,-443668.4513558451,260960.24611881142,-588364.9315096855,-679980.4001574263,-862243.7762434478,-824730.9803820315,-864255.3564656115,-901077.6838423836,-263947.83589710586,338941.07805711916,758664.422047771,-401706.03414020815,-989497.2425995907,501576.2206748433,777812.3560588981,-465970.340171973,-239856.085721198,825001.8735810006,193193.8084942333,-563880.2347929601,190425.5615707829,-188129.7312613721,-134578.57705846685,809450.1906201139,-183507.80831144785,98629.1144988737,-818388.997085691,-101581.2774489295,-416993.68735246337,-910417.2590879444,614250.12387932,-34905.66214773373,925505.5722042157,-724442.3952742951,-609540.312542425,-492392.7787684199,961284.6796744335,374867.6805630026,-785308.3635601406,167612.05077487323,-779388.7712552033,450178.34078277485,-640966.7047331362,-95920.6376309602,91709.15699833306,-528526.2620603597,-322350.4491811058,844889.258496097,628962.9546326885,362375.39622575254,230085.6934169305,41388.89646472293,-812934.8160360496,-506618.5552154656,354148.7972510217,-712960.1939615768,252607.80517467717,-999495.9046178891,-224034.09432441148,928371.8716402713,-104440.5231393117,-430531.2383505171,287981.87607163587,-817950.5506472548,-157855.09421799285,-541319.415162497,753141.6142425949,963239.2703417833,-109993.28230185923,467374.5066137372,518053.6877580567,-491472.6912890328
-502820.91366704874,-726077.1961596684,-998673.2551943127,213621.5630942264,600118.9795076922,-305104.91700813104,-299470.9980229526,741115.051184403,-922308.2377800855,-485839.35477521137,-309732.34655610507,-980881.7398631102,-330476.0327916407,764356.7784937574,853644.0978110945,-557595.3938627201,634745.5721049141,-823130.0280889717,389971.3294552709,344071.2308680678,-234030.50077564002,-970430.3801847296,796211.0179877493,745503.1760114303,136234.28857203387,-621830.6871047292,625521.1653403286,-993665.2677367919,101976.64223530306,742051.119377593,-158951.09976108652,110506.75279154745,237187.3220718531,-843722.6744620315,-134916.22365119494,-560807.6247830811,-54873.61793585727,244148.55688283662,657274.8612537396,824106.9250283418,867.4000053415075,-997234.039664995,-200757.68677817646,312991.91432229406,866191.7368217243,-692420.4052260153,-540197.9657929972,-293139.7413687289,-511222.08749244845,-872649.8536499172,513777.25414692424,-530775.4857768876,-853228.5398860355,-329192.75487374794,4146.251440604334,-339158.9106979178,-86068.85459526547,48951.411317129154,114344.49434620049,-449806.76533431606,-625967.6680751927,-713564.2172980598,-417876.9493259486,-152275.16914040607,301952.35359942354,-396109.10196759354,723275.5640169864,-652898.8775108361,-509127.7949865611,-566099.3498341362,-810666.5039566656,-244241.03230236028,400870.02954202495,-514816.01119110687,848938.3178632078,73096.73015899258,-780073.9609907093,-612748.713764532,-104156.56740138668,776427.5596271195,714905.8807209306,-499362.6868944554,507331.0977793811,378938.5465091567,-467666.43969537003,577713.607004988,676021.7375312324,-796702.7503082333,-305008.2455636143,934277.1164094473,954264.7848692045,329819.3345414654,458717.7854277778,848585.8145913018,721393.6599504326,-311223.7670714082,-825267.3904828755,53973.862443142105,493003.60493803327,-971937.6892543099
-470615.3238943005,-366814.69984700496,-151594.79356776213,-826498.6983189146,-380706.4582656723,-408602.81415646954,-527444.8882123362,283686.1631978359,822372.8122179434,96315.71421718248,729919.9670735863,242929.5192782604,-944867.4178566783,-986405.6633824974,-511138.66897631733,-686509.2557015063,-230471.43537457334,-890183.3956921195,908927.2887856707,-465103.7983712043,872136.8494819438,598296.481563603,181011.44338911376,-565796.9559133109,396834.62361506256,-792794.1246661239,254402.53502218868,-246584.23381771625,-264002.2187629363,-36882.743330335594,250979.30554216355,546601.0147499593,993435.1704700629,-460551.50333093794,715454.9919862372,-871571.8353189656,243508.7190048981,-54581.938907864154,32790.6723214651,427912.95869216486,371043.6096081026,-271771.3576641887,801653.0620757581,-544704.1037341114,-266222.3044368131,191164.59230277291,-746222.8889535869,673719.3712088168,-209550.54579244205,295097.7760870673,717157.4731592694,-430661.23760964966,456161.0067479741,859120.7545772356,-47631.64865570981,513886.8816679255,-602573.8194312723,333609.69812252047,-341689.6992874013,825361.7540601699,-910978.5476032672,46155.82806276856,-35683.59593201848,-193653.36247780314,791695.320427845,786639.3595397633,-216922.98069229524,120912.88011157722,457768.9569024951,144441.16273575812,-740574.5359112071,3105.019504059339,-659990.6607812338,209030.3185609507,-3419.5371741248528,-149517.95294067985,210102.92323865579,-21105.032438909286,-622333.4879337125,-74891.12724870711,718685.0883694643,650294.719350464,659015.333860043,131550.0021775097,-932210.9067724533,988159.6751730137,630200.309894837,86316.42936820025,-486543.69080529624,484449.2471154956,729640.5578263351,707841.9360233906,-608725.5428275358,-260971.67210579268,657442.4626962857,-876395.7311831942,946841.6344090377,342690.35401515896,288244.0120689641,-945841.6648145305
-375106.87617154676,977609.1040482877,924948.5387039916,410947.7239743287,-763350.8177584136,-183178.00222056825,-867448.0607176762,444791.6216228828,334419.2049213194,-642174.6139775546,220227.38826685073,-174544.86029801436,353371.5593417089,731746.3047408867,-695582.2938521442,-442959.9977960818,-930363.8312602976,-627745.00345284,580020.1100681459,-895533.1681738524,-577910.6784308811,-164306.45874388074,-357064.2302099735,872156.8876925674,246468.47421581368,34392.71594097512,-435773.2624922426,654882.3438420475,885320.9327415254,-720457.2803526442,-558895.5525419521,-313162.1327028333,282318.7721253589,-478782.8544237494,403505.705945479,792385.1960780385,-561015.7867029053,465078.0008700667,-469466.6368795439,-835852.8584606319,371132.8623265221,-874732.2523329144,641550.307018111,-454342.01202579925,746611.1266052425,144283.17445836053,136782.35647906363,-223544.4989720306,-37760.82229403069,-177319.47743544984,475213.12604400096,434585.9884614283,-698439.7724002127,242992.47047277004,-455769.6055007982,-443312.98212323536,564276.606612294,726466.7491321662,35585.738210653304,1593.0123762673466,-524304.5283370072,913321.7719311325,891494.0259466367,910709.0049123233,-5030.508164285799,-675366.4723736332,-835113.8682142325,-850340.4240400451,-873466.8305592784,-335541.2878303445,-959582.3343423124,375454.94770534127,694035.7941032208,-148783.21244222287,117153.78959433525,126206.84439101489,742497.3941685704,744256.3218730204,552384.9273749841,496122.8897014037,-346576.2468181796,-992928.8621352976,-199888.96336151485,-13114.31173781678,-57888.10519079666,171150.12847420247,581717.9475890785,-733642.1330199479,56157.22742429096,495956.62387933396,-790522.4081812538,196221.04354740237,802288.5296888759,115444.93338170019,56320.29525619955,374582.6456128226,946639.8228103083,-696714.7333602381,-645179.6113475248,-931787.8083288145
-334406.52601259213,952759.97897336,223871.76723466092,694555.9836965173,-414018.4240018616,89034.14034907077,70877.85663259565,-924334.2080191135,-421720.7640163803,147718.02411342203,-991320.763707483,874285.1920774758,295428.31616463163,-823774.5457380128,-190695.43126467953,-469705.7720221027,152710.03493293514,-608029.1799642593,611082.6869747983,-191932.32314881298,445430.7039452514,-752793.6994121498,164719.82540678955,-52025.81501925073,595656.354195161,-894788.245897437,-853964.1875526969,-968388.4065416422,-531660.6151772776,390393.3604613801,261265.25909398287,-830717.3329055763,-616655.296953307,21712.08186257293,-753049.9484477898,436826.68378536915,564768.3106523575,282922.26142439456,-283487.289743928,-724113.4605447855,-33643.369857363985,947664.6214844927,807229.1517654741,-804510.1165079393,-373608.80428261915,-411673.1282139834,-275777.9182897931,327770.08002513694,75138.43727746932,-578327.5156095646,-481222.17824729695,881445.8005117737,-600199.0609957417,-526048.2139587303,45619.4007473269,-580792.8041585644,-435179.6072085368,-913323.2122634436,-281371.8048932019,817413.070636356,-890666.8129061827,634026.2057422544,396091.105477195,-890622.425824152,330221.2063323697,12139.772286154912,-472091.4607813378,-603312.1631649665,-492098.94672953314,-13250.576928615337,-310590.0378446453,-389442.75615405303,566690.6600009718,-153453.21120099502,-989521.6177799666,717498.1270099361,314565.66803177516,-628972.092520497,270786.6808037984,103890.13518275018,-647780.7311134305,936038.1971776695,687167.0655748071,-17581.451111857546,-403899.37925826106,-928432.5855614173,686315.0776374943,-889399.7203735593,-100477.3271422357,173430.04548779572,-330449.2955746375,-856609.5430025493,-46609.23480505904,-176017.01500371285,-355160.96814510867,274080.96296378574,62073.218396215234,530576.1127568937,-678194.3891705802,540053.348158211
753310.3124255906,-927849.0309867602,-508264.404854341,-389781.89743333554,-880703.6455550235,-424824.1950979583,-113365.0143249107,-213342.7953799771,-212607.6530234455,-39307.65014890442,-903665.3044255606,858274.6141987962,463750.99405124737,-943892.2096395037,-399894.2115780631,-947903.5611703111,-825456.1116950782,335711.1646626238,610859.627070127,282027.7672097543,-661652.4277532524,203313.25264132395,36711.907906521694,766792.5676477915,-84227.2181075887,457990.606941235,-231708.39515156287,481851.975132501,-733816.7258297547,282701.46572270314,217982.06207754207,-413213.5558129697,293993.55668817996,883191.8711363161,-380836.00409966765,214950.69089538697,-946074.9817066725,-418356.06829142023,919641.1715656731,268119.89467705437,-559829.5040793959,-971937.9774118633,835942.7527285353,452358.13347277394,-44605.585846067406,-324457.62444722175,226342.07574800705,-9475.37581740308,-551320.9479481964,-177496.24513214955,-911487.3620711266,-238965.41678054212,-871026.152887453,422092.5429933218,450103.1001944011,889424.4508971428,698063.3417340287,417541.4153383877,-887710.9236080076,-989474.8615575013,-252192.78091337392,93095.66053620283,957069.5596649135,-853885.2949314166,767582.7911484041,-641399.1315013394,-15486.422282404266,609655.2805726321,-514425.14249176206,380251.5441419226,-98557.75674533483,879661.969408199,-952379.0801591494,987598.5626387447,-897703.7835557589,-850716.7497903483,146680.82569823717,425860.6373995687,722296.8048763867,-586973.8128022304,-422260.7651901733,915888.6307738163,-379005.7406964509,42343.474074426806,273454.88178943424,595633.9118895882,-272674.5551193792,787714.3632180069,-828495.1431957257,300557.5670162202,-505347.08865306934,-296880.8874535804,-645285.6133180221,-257966.6865992332,-149200.6562297563,-374979.1622243974,-547868.0717917759,511366.76522081275,-956965.1838523893,727732.3059806831
-356844.3525173371,104194.32934368239,365911.06145612244,-198025.6688450419,-660100.4665266804,647516.8776904386,-934151.1792141392,428159.45181006705,404617.20396869094,876346.0514800914,-651111.7917114422,23400.57611632673,650270.7586519727,-17984.854953940958,-819716.5828499335,-584994.5849618879,804037.900384254,790000.8281139669,-267100.6707904511,425333.45468292804,-132754.50826216664,-117909.27867090038,-769122.7824110958,149532.86988547957,-114739.13241962541,635312.9130117362,-617281.8356386096,-557828.807829015,-420999.53448677366,-738273.318662623,-634612.6131625436,-223863.1004917901,-785053.674869103,-40689.79782756488,805784.8339406571,877083.5350419108,527245.4663037539,-917125.6727918227,227058.08566754754,696038.509671241,-789409.6875222644,201143.97629527468,905659.7376144687,-422909.7025138211,300716.6231297387,947035.8665731668,590902.1256951476,-893908.8774110422,-661621.8509153004,-711259.3886600076,753264.2287934825,-44770.948870112654,-711396.8648169169,-344945.27974880836,190497.1910107471,961685.3506673204,-271966.8522438861,-681016.0497460256,-637344.6812149828,668056.7138289346,-255697.94540107832,6196.535387279699,-411213.7531810724,-865309.3878333718,-211963.5345243835,-548162.3136378094,454242.96908896905,245216.4079445803,461135.04319915106,873501.0698095602,-920804.5303655035,-135137.03424586554,557770.5811294226,585300.5802680117,-885412.7674020604,534072.7418081686,-454306.84849482565,407302.7859521769,-558774.8692043531,-552964.6251259892,221881.3617462169,314123.9985612186,-419936.53171554056,746025.065386236,653265.4736098754,-404895.2993937349,-320254.0303339618,948804.944413708,-568534.8477340959,-463251.5842325699,-237421.9390549024,541134.5815791232,-297225.11011030735,931305.4993101158,31866.404780034558,-237357.99774485838,-17502.041605181643,-45991.881051649805,967390.2248723733,343266.2352477566
-86040.02761338349,-378421.02155226143,732397.2904742952,73269.23777181655,662038.458018485,-319786.3797676166,282089.63880538824,-52264.76078005752,699928.984735525,767372.1826369122,883561.4294670322,33265.12157223525,783969.2289487019,202133.87760611088,-298226.6182975464,-743100.011412281,-877922.4586320922,-692304.5661327376,-432712.50843926205,488869.44916579756,530111.0575036262,-626349.4862143517,-90693.71611080703,64520.6019686549,249649.15746033983,160465.13982774783,-209495.5291667449,953981.192181035,-551691.4350334331,262487.4503564674,-881179.1682809577,112070.95206141984,776153.924005744,678675.5991924009,560932.2874227837,-201449.32876278763,104594.11661262112,-253235.79523253953,470657.53397513204,852125.5878560103,-55157.588066401426,-561258.2421644195,237122.38980859076,322326.179399258,814376.102772461,531812.01267069,-115950.4006498151,426109.42207347834,-126530.42496446962,-979451.8068772451,-172812.21834888717,524299.4919324447,145843.0896863551,416494.5014728466,809023.6973239845,857398.1330386307,-501832.8121462361,513237.03726305394,935462.8405581142,219399.24556741072,743479.328227991,40815.656473803334,-153953.93588164332,-981221.8529739856,-568230.027532714,724149.2858335255,15023.045321947313,-483957.50311997876,114996.2236062442,858310.3053070353,436310.06319940696,931372.0640209541,81072.86669448903,125651.06922549731,576975.7984790399,731735.1972296976,31832.91816081875,-177419.24099197017,-999834.0021309424,-399645.71219947294,-192815.57636083104,771769.6419457824,-4987.052517182659,902879.4781156315,9156.219243251253,-403688.5974896236,963680.6260947855,-77461.50503313402,735103.7347178857,-295206.26505382324,-207.19225169613492,704067.9319891513,60776.93098950875,-797214.826634643,-351917.01610403566,-233266.2302010056,270956.4120476078,32727.158486708417,-670601.2169494438,-323388.6038116036
-198451.737521081,-996762.9042540416,-393603.4128899885,399458.52277226606,-484811.7810204942,452984.0460114111,-229700.29589668312,-449254.99593230383,881659.7878344618,-675520.1337478993,-468312.51125424565,139965.9931733678,-886374.524576977,463973.4983091501,400655.44238113496,126026.10361474566,142637.18558659474,-250178.9855102033,504995.45625118865,-157615.0250410078,715513.1251684052,538961.1964921483,229034.06751794484,902831.1850487357,-987265.0638381046,-812247.1765844767,731444.526706697,-436503.20688997454,-578086.8715270984,-827517.5889619098,-285343.8503246821,814179.3483837955,-554521.9638311504,757866.1038395294,-347352.7371705038,331564.837633403,65168.640464332886,-986110.064064054,614716.6257738771,797591.6774545205,-423393.44932187453,-246316.77375719743,-298409.76248562126,782570.7030978627,473630.1309984089,-614870.4622085735,335367.71676958376,476873.3528326892,-985321.6267544172,-887347.936665724,-126253.01589930244,260902.95547898812,-772586.6271914672,58581.26732405694,648375.3994006268,-490733.13131647045,119039.21990575781,740551.4442227928,-234995.68270053482,878018.1566264066,-239018.01907795027,-656981.2431861948,-894519.3029080867,216403.48082514503,681646.7071174374,298531.7619510924,427481.44179762946,245652.73834870616,304472.86157366796,416593.53613704327,567160.1097569582,-5528.9600500325905,-367925.18935149966,160658.96275012195,233826.84214459243,-589518.6161943859,603478.612017914,-627037.2615623225,50253.60262696631,384865.5003295888,-420376.4436056996,-653032.0401816614,308948.23436044203,478643.0525621446,241999.4595584704,-371075.95013005554,656940.4775539176,909609.1773575055,218577.06603572983,-351802.4035473671,-618648.250026548,316413.46166948066,-834657.976903955,984939.3891126823,-125995.65060707892,-534477.8131931582,-635124.7784328961,-188225.3048174549,-754298.3288274534,44086.37442786631
-45294.78517772013,273528.12093956326,-871810.0021454445,608768.9241684643,-675900.9986886329,-442427.96000906813,-644759.3423434324,597582.2230806367,651015.9586891138,743762.1482848686,453334.19305550936,-927400.9688011608,339292.2742554778,143780.85098775243,218489.07574243657,-883324.2954491256,292053.1319581247,492711.95307966555,234320.1916420369,-898231.6460485545,-562204.0428453061,837739.6371719791,368499.54184116377,784465.5878843595,944631.0567677892,-660313.9054763012,617819.002717762,-553119.3309640556,922530.0305691997,953497.711921585,-598855.1865906718,-943578.3199536807,787362.3474078351,-731687.6637358438,717159.0016637456,716242.1355145653,434925.0422157177,-829954.5810684763,900008.4460828344,-470571.7286594828,-920688.6860546322,420303.5663500342,-590370.9248404377,-29760.868357032537,600653.7883905906,777274.9838534945,685656.5151688738,-983330.2556478906,-971487.6912407433,-613962.59697012,-883198.143808045,-342264.2666644335,-956232.2031391335,486866.03660659166,-793034.734135289,254458.5448760991,-598611.7651549336,-387861.40399481764,-355618.89315885503,329162.71763207996,-637557.2163038818,-180375.90862698853,-189529.74188531458,-282681.61888791644,6314.78157517896,-319483.24697722774,702255.114802538,-348620.4301201408,615023.9748125728,214773.14567048405,968706.0988439177,-199536.75731598714,905025.5242139644,-308982.408719881,63595.45076732966,-332932.9472697218,621314.0224345713,957722.1007204747,404937.2808873658,720735.8700847365,652415.3623931613,-531467.3801316814,-726410.3344479111,97533.31842972501,19199.473884505103,-68974.52944235003,-815744.4069910899,772699.4079706569,-479607.27428399364,-181584.07860501937,740978.3847280163,-545152.5057947701,262913.3619242271,330098.7347056477,123539.20764966053,624076.5943919029,290584.5360138961,377163.24804864754,441127.99804206006,-667434.2963821227
753209.1935294378,874841.8657970668,786983.9046996348,-141482.9495361984,67248.98483922449,-398349.3458547058,692645.8821042997,831490.9671167063,-718467.6916653886,77766.8246760359,191431.55062696827,-918888.8043706531,-785577.9541259608,220923.2536360079,529133.3415917435,958115.4986346627,391226.7439990144,32663.442933391198,-45456.5626796562,178067.93149746023,5991.497524140868,-557995.4653148928,872428.5749012895,-718466.8594167519,581578.3793253931,-852490.3536045072,-780103.529420831,496464.33286354295,991576.9443508589,-810741.8579449819,343084.33066580957,-214653.24805522815,-959662.4825319214,84070.8776388953,107001.89799953252,235114.16215727758,352116.4130353548,897037.3985875915,183326.55839783,-764699.1894695889,888825.5627348637,206827.24142284924,290564.3945912346,621134.4601249578,-87414.21382279648,-319313.02748015616,312117.63742112624,-700885.6294310817,-340549.3188446731,29230.34363944258,514905.88412986556,886782.9162107115,489956.9951164408,-408758.6509329096,-149858.5899194351,212112.06875297474,-364411.3808460003,14368.229938898352,-90185.54166655627,-411944.2589418336,-170374.98538051697,686019.600116512,47587.61744286225,-734338.3588808967,-536109.7771307763,-108230.96890961414,446595.3551108178,730840.3651282385,-556747.2014825881,-605431.5840979862,953942.3068375385,-640803.2890491202,-806216.3560804522,806295.4359804348,-724201.8962579472,161019.94401139952,-346543.865513286,-536850.5434784485,678833.6921473355,156359.07977558672,-16319.972842528718,11654.588985988754,157349.17609579093,656706.5510362387,-777305.2413675652,-333174.65108979726,226250.45453809504,871348.1674776035,-722293.3375413495,951484.3102944323,608672.0120090246,-218078.8743611219,516948.8610956159,-456487.90983256046,-993388.6386808708,808928.9943453425,420145.89438036317,28890.81108543754,-760499.0557140807,751989.8701121071
-119106.68438079173,-979344.9282223996,321715.6791790519,-753776.087470169,-868891.7488488177,425851.5940243758,197437.21251815953,-382004.13144950976,647824.5152952974,943112.0774542093,745138.2289763703,-956956.225047886,381395.59820263134,562098.9865896723,824197.2497136414,15756.837238207343,232455.6441021734,-529710.5140009379,-405521.9216881569,605624.2776752282,863758.0743819308,804047.7314807621,-876180.0534459094,838938.2983890532,-264850.3210260882,-960076.5696900084,-769020.4603192827,-683780.5084714929,934969.8591924175,938269.944556999,976040.0602413649,-519187.4532964913,-870348.7597966946,64691.182960406644,218878.79948327853,-960394.3479217496,-808722.9341582353,34078.548465693835,109904.30000986834,-412579.8609377636,-439664.60732410464,87966.34448962985,-245824.15636788064,-823120.1241735154,909151.8578859852,-718146.5408395161,-19402.63888411352,345595.94086175435,-885175.9062979745,897102.3311642569,216473.79253098532,-191856.72968403297,-372682.16089149343,-355787.9179219834,-865820.4869866516,135594.05397869134,-966046.6545005788,-628552.0164613759,576583.5476875235,-668365.781106503,48890.18667438766,950197.6874697146,-388697.9210942063,-325523.12505671836,-454337.96404756,-87975.08421265881,-251792.37125755742,-915725.186064176,954968.8578631107,645482.2285608039,-950196.888348964,3717.8297995304456,645720.8064924199,807023.7679903444,-540700.5828380216,818672.5646152303,-666475.0376275659,714812.2998623636,-492945.38573593315,-373586.5661418445,67211.1280117128,683814.2027270086,258908.13149792957,-664077.219018943,148129.345504937,675143.4747086891,185118.84097831137,877530.4475349959,284461.19274491374,-843940.7606374973,926325.741375295,74319.19451810513,-712487.4928462557,-708842.7792331553,-872404.5386552324,-86959.20519761893,-476807.9539170862,563657.2379954474,709870.2805736642,-817372.553768574
-916306.7900543542,497998.96450717165,-111688.52406515577,819273.275748146,47666.160986563424,535189.3467939051,-298718.4452353731,318180.5385846209,-810737.4216591592,864974.6172393139,609297.2244756739,64321.10086485534,-789348.1239065519,-439156.9862435161,524675.4269027915,-116714.88249082502,457683.6256590928,910704.7990594623,-537760.842805266,-712103.8173212471,-87937.22639809374,-866155.6112838924,-999854.1150861504,-506467.37877247937,-244007.75986661506,-198384.00837196014,21828.841270619305,-528878.5383711706,-751636.7902163323,623429.2257211574,184377.07954477845,-53358.05037279974,847869.8302010815,800880.4386854477,17622.693946290412,89058.9948370906,-199607.4304053397,822086.648888079,248512.16088827234,-152966.9597375762,324204.07193384017,-153637.2038340274,-577450.1780100104,608789.9655810818,-449459.40284411784,687007.4312127943,-407954.7889081299,107624.88680433668,-861438.3531207117,911346.1637317638,-991944.7451823371,576995.7433912675,-39273.5595709366,78582.0393945016,726680.1509916356,40101.85800103308,192195.05336077767,392649.356036237,596834.510673062,820127.5675199425,852294.7578509282,-574956.1150225877,-373120.96773719764,875453.1200298637,-586972.3603977,-85987.91690616298,227301.30324352463,87022.29796356754,-32414.073549924768,-156542.42794938583,430423.60515140207,572380.2428456,-947639.9235728948,-754496.9820986775,442609.408164351,-876509.0845676049,763940.3748697354,-168204.1000246273,-776930.9392266419,251336.37231421215,795225.7322078124,539886.2905367329,-155990.98447671067,-94708.0151016271,863335.035098755,-493427.90208281076,-539507.5718235152,886370.298924963,-221587.82372704172,922205.3196224547,-30758.352411944303,-888723.5887288383,19480.03876032273,-196504.60991388478,-157241.72647489083,-579737.990107045,238097.23929961934,874734.4670289608,-492688.2346980466,212711.84373316332
798549.0694450936,-471444.15744551877,341421.7144626484,960119.0139529211,-957303.9627059081,160899.64062100998,-639934.3445057643,-646992.8711199895,-568932.7508646152,47467.602993769106,272550.4492897382,-511060.9511003565,-485175.04537259537,731421.1778693567,-601221.1316473541,-313914.957849595,552352.90886553,355893.76069337945,396693.3338295813,238269.19437179575,402224.67910426157,119567.33190268907,126752.25743332575,-424339.90561228315,-648997.9011961042,-84900.32606664917,-968107.0107664278,978226.2249485534,-879022.2131642916,148429.15359992394,462842.92872906267,264242.6430571282,281795.90009825607,-766816.5498896817,776318.1180377493,219381.04837203468,972735.8887622452,-192085.95452609402,175129.89943132666,210809.0385818414,563475.2235266855,341828.28987301304,-18412.746129786945,215800.59802392824,-592088.4466191654,-195105.57202571572,-348832.931445298,487501.9869730207,-241346.65605246904,311092.6796672498,713771.2797006015,175237.19367744215,-989287.7683796597,-814163.0104591835,359189.1177254275,433189.9711138811,666825.5348166195,74865.24525566096,897694.2211569124,-239752.12682155217,681121.5716919168,-135939.3276347029,282343.36833714624,-977776.3635525887,710645.2453325943,-162329.69819033588,-187853.66236989945,-741423.0254354228,-792375.9796836633,-769636.4347457243,351535.2487209749,311834.5380103276,392134.5104714723,595758.4151567977,-873309.8460471688,-197764.07424220128,846206.0295447609,715571.0870824272,558833.6807312435,-762168.942468256,99528.85116905323,826290.3681764586,-440922.6023158246,253890.94399383408,473407.79149130126,456144.1496694004,-513703.06168797676,760660.3500420309,827397.7990128668,946239.3728974806,857734.5989335324,368904.6949475901,-330545.97971970635,-787777.9133773057,-98845.39836498594,938966.7632234946,534032.0916995816,-447495.2605514402,-643332.0551437249,-42811.60559307027
-660649.2618900071,830876.1570083445,-62828.17547881382,713637.5779506727,95286.09569972125,-506816.85524551367,991670.6237718195,684635.9369875588,-877907.2336235156,591746.2940049595,317444.75453703315,294853.4889099037,182628.3337585444,824940.3441149252,362551.0371195846,-172830.57165918627,-850915.0845400235,437428.7723380765,197388.15656466782,-146698.08314238035,966173.031283569,-74525.06284577097,648559.5073067967,-111742.84949726169,699400.461815371,498768.45611615735,134461.8850866761,-660499.2055928534,185207.11457517557,805509.9860550894,-50460.728470767615,757798.6592943629,-90308.10532072303,-402693.23497287405,-374443.8432385288,-313481.5925676379,665140.0114195007,-691944.6976802661,271317.03696326306,50617.546729736496,963675.1244135308,-644160.9848192036,251941.23109242925,-403026.0703443629,469710.3869978874,323918.1722945119,45119.95271070162,-68031.92738752556,-168771.3999511802,452958.49988880404,-570062.4656362389,-816782.6540755709,994848.3505529903,-291361.12834234675,-534404.1792616763,-933479.3702964662,201782.12378130667,81496.48179388535,-748207.5901597234,-775537.9932076461,-943295.2143477338,800987.9967958524,568532.5013722461,-250993.67364453664,803078.7836909052,-235468.50594958535,-495853.3506374485,-833043.3515883433,283658.0444329819,-569505.8217200602,-611364.4572317842,-865703.1850377928,-664752.1136251122,121655.95935255126,-64312.15080664086,915170.5578259148,-326346.84102473257,68137.07405659347,-509957.62433349714,711680.6644969361,375098.6898976946,46074.67435912893,133183.13652321137,-618961.7744431228,-256231.30839668668,-134783.30992465222,791503.4718900279,334563.9939852897,120145.83295414061,264629.8789870981,-88872.82864365401,-728878.6984299454,-179582.97024555714,860384.6846971293,-399405.8708909962,716755.7133281792,997473.9777223242,934911.7878556198,-141181.6030233903,-187501.36056725483
-471265.73162669444,633044.3847120327,961414.8073487147,529505.255230885,411086.85003369884,368305.954606452,31275.653064693324,-122274.13908029906,365768.9756509147,911161.5087612651,-289843.23177371116,-330656.4617634256,-985860.2564086125,633142.801884755,371733.1329217758,-336976.3049063941,-585772.7307008378,117177.07978206896,-655826.6602105624,545227.7154153939,822688.0868177842,657866.769195602,82998.31654555374,-118694.64423362026,-464379.49550527113,-578398.8044417818,602097.4807671634,43125.93099690694,615908.5326651689,-572494.5292431258,-722929.4829816876,796537.9786015509,-997199.4083491083,723329.2625025171,401878.86235193256,-353954.97132316045,-946875.8224537456,174790.16366745578,994419.9459520744,-635074.3567273049,-778383.7131564431,630807.9756693393,-377751.8826157773,694617.1559903261,569543.1249236208,-758286.6782158834,587005.4802191639,268836.4897864524,-141609.6729415377,951151.7719052294,963436.3278096006,449669.5412851691,657869.7739135735,686443.8666600371,183297.61355802417,643735.3635068219,172376.97833787207,341670.7567851038,-421133.57887261757,-873596.4044393076,-675135.8348959975,-439295.9116710775,671409.6941215205,-101198.50896644266,366186.0603731286,73065.58624478523,78082.59761158447,-647076.6195674537,-8165.165715326089,-777878.3307547317,-468217.2648298668,542445.5061787816,937055.2811683018,-282543.90537790756,541765.8606747461,820236.4158314094,-527675.9219885219,-892668.8192752037,-318354.16577349335,121387.86755968025,947572.2390677049,-368449.1611638409,525069.6747758198,-842324.2015663903,-549689.7689541877,-668898.114468026,902939.771602632,-584800.6084083149,-588935.2210088552,-476836.3073328232,-370876.82982359896,465127.73500338057,-374393.5877401874,410067.2611516558,-16616.810323006008,254793.16657444672,-537926.6570074079,-681418.15470634,178610.3045534643,-948265.6446335311
-630163.8861097341,832343.4326512613,-441649.280884439,-726223.2217437497,-745216.0511708945,502220.26397142955,141290.72618345916,-63991.346590417554,206346.0086035733,-401234.75219940196,983893.9971405189,614288.9006528633,1501.0698014848167,464610.5236403246,958910.5782532694,-300885.96372020524,-723024.109568676,-531899.2597823848,-624683.2137482248,224187.76071430184,-467582.4938964986,766173.0591676936,539077.3859267454,-327227.9227545636,60971.00223042979,754148.8162342682,45080.08726973506,695388.4236550019,785936.3154336864,-175884.27713988675,978563.4842870117,65752.68544338807,-906870.7701159288,-930850.8607487362,295162.2358627033,579034.8415919754,-607335.7191468601,-480378.7056927402,-283144.86083485105,976822.9845580978,-500860.08560205775,461631.26080567343,-193959.8817569255,988833.6069236388,424196.43336126907,-808190.0789030219,699299.5475716046,-142099.43387921166,318410.6361428704,85000.5576595706,-219984.81647450302,-629032.8792560336,-497654.2426285646,528506.9121209884,953770.3543636303,634820.4285408666,753490.9192293093,-38840.20848562254,118560.10326166521,76846.52004054864,305070.01831108634,-864289.2428597475,849265.1025946024,826342.9043745543,687451.6538992045,-651778.6251354076,168594.29000515584,-450515.57985489676,-708432.1187076177,699877.1638253587,778976.2574462018,-979505.079199736,11911.521928682108,558781.1435075041,822546.4574224092,-570645.6498232211,163891.11777488142,612180.1783570619,592949.5685746255,824697.2792295767,827730.1826422354,938161.156121294,-742782.2071664983,805929.6819673558,-420928.735280858,60210.283416897524,-396363.778959665,574489.5325547985,-407449.44348170713,-621343.2414892053,-47698.74597717321,128171.76481806207,301371.1303468626,811403.4420323088,954176.5489265916,-492763.66988629097,71310.65480752499,822882.8005547246,-338605.90914808575,-326610.77982973575
-629409.9503688058,-128202.82010817085,97736.9744460755,571388.6662642951,290986.05684164213,373570.6539879921,-540451.9114609112,843286.2740755642,779889.7542222659,467532.7946201903,468322.56644627685,230988.2882497008,845976.104209054,594801.3810691356,220689.59891061252,-829984.7228599831,2848.783219036297,284861.66767901136,-739154.2468541941,999725.8588414423,-738826.5825220712,-786438.9267547076,-772802.0279814864,297365.88442837354,-19920.2965948364,559173.8852584343,789612.8343393276,-494396.2752300439,-352373.08302695584,-563495.1285606048,44352.16157928039,206416.83154158574,-834084.8868330409,909672.7497123776,822493.4740447237,10708.261199942674,867766.1204528222,-275744.2899374316,896973.6971621304,-564406.4195744791,-652942.2841911619,405453.7021568313,-994287.3084864983,40122.40955123096,422134.7602495954,-256395.69625124882,43137.87551165023,598986.8257978002,-431857.96767348377,-970846.8500284604,-289148.8827585074,585997.759239801,-13691.445044721244,485997.6564020098,-12523.172516879044,857251.1707481928,-996751.6564809949,-504702.5296462935,449673.84186890256,916841.7799819869,-890258.7984463497,97630.86951136659,751609.21632886,-729312.8382467364,-357653.940390609,467166.29391509714,805173.8576062922,-277005.89477541565,758539.0214059667,-631461.2812098081,-113843.31976926827,-333144.94019286986,-457914.2888534424,797707.0691201086,-184141.95276785165,-691211.8314327872,-811116.0791543028,736510.6107290585,708550.7750566893,723533.2229396147,-347600.5537096136,-221495.58340332366,783609.765106912,-229890.93881078565,43049.28744517267,-720893.442245021,-429935.7665533745,152084.18524613488,-277538.5841426881,466301.0593993389,-849671.2267880356,957868.5794812187,181458.92730094958,-810748.7540833678,780995.8147353593,-658189.7607090939,-567890.5204632854,-691803.7708092914,-468374.8423540873,-625325.2122765192
365605.2856526561,-477369.07177260536,941881.6490016892,-426973.4586683363,787671.1598991978,312570.87445813464,-918728.360095941,-990949.5499026128,-64963.084590413724,140696.20733864862,-768614.7186029395,341170.55050888285,-42747.96541191789,-836116.7018923594,-22821.022140007582,578521.7091001144,-670361.3031143937,768126.3727980915,-699250.6360268616,830757.2305623787,425497.4633455372,-64345.29056107835,463374.2405508838,740823.1877459339,150523.73435369157,713048.0482268801,532665.1721449234,493993.7247562376,751449.6010709847,-823571.98388118,301726.5174981118,-405260.5866630756,136915.15934339375,-932434.176711683,-222919.24486913998,-870874.2896010801,-143215.54335983214,666088.3628931155,-176309.79257174826,592970.3465521431,-315703.67412844894,95558.54078397574,215005.20170934498,-450300.6992026792,101410.44277619454,-791059.2131047571,-651528.35414366,-463383.4563142152,-529313.8278609444,12690.035966725904,503066.4662643748,58207.87441273942,661489.0995584405,478043.07112641423,-717272.8506212921,-895442.3258564561,158098.52567165857,-424499.29326595436,932939.0009578252,-108402.742158634,-493611.8620274914,-329828.99591395084,433867.1705774667,672814.1001219782,-787337.584938381,-897020.618411885,-847084.1859163732,-244737.45181853196,-580185.988610077,31461.06513247732,-105826.32291123015,919286.5863979023,165930.1374275065,-304673.1587487317,-409168.1989066651,-110396.88164165895,-529573.5587967703,961398.5166318386,-775115.907377759,-859480.6881529657,-719479.8593530292,417089.0207271136,530522.1800044652,-540704.993252225,-654538.642173422,943415.1569865546,-430742.31730685337,-596510.3660964795,209928.19537615823,-203559.63214661996,893769.117224388,-923793.0206187683,-577686.921820849,-909413.495326834,566606.9503617389,928315.3042950048,874540.1018446758,-118760.14383708092,418773.7370425458,350614.82235702197
-861373.7813946945,-137157.78285917547,-269708.9484620736,-731136.5616064325,872317.7616545369,-409625.50956385897,-118990.5917364331,635684.5903673414,-11094.73845736077,868614.1077125445,-626798.1680539122,-840701.8371892527,535304.1087387216,681137.9796891359,3164.6317819007672,-132766.40303875832,-806561.4156588112,18160.801630664035,580581.0063101379,306707.3577426083,531323.1375438371,142628.41622002958,602014.4171335199,51814.28293861332,426335.7367340706,546564.1612416697,609776.3739846472,-514760.8149262948,-342185.56144250976,-215200.9858713178,206583.61605971772,174220.82961705606,68023.54540107236,-398882.39712064655,364619.31719593355,-102141.96597885119,199594.117510668,-428942.81964322564,242572.43538524047,-68996.01793902076,-977895.9807791958,409181.6579541988,-131055.73227868404,839618.8113583098,7070.403334548348,-47391.142136667506,583396.5560476016,-369657.95648911386,-543112.1255887733,-761101.0446616233,523828.0433265432,-86936.42437713023,675.7608795979759,638630.5961922687,162561.7531860303,425968.1991388297,-814513.2312796646,852827.3956952132,-386266.34588015603,888401.5722787655,-91389.21432492824,-896878.8580989413,398350.3915344302,-299886.4470703029,-555498.8268238595,-542218.6685193668,-253606.76387082436,692136.7421560888,-974274.8722506727,316443.4918145989,-177334.66531969258,924040.1030967438,648558.4016664906,880299.2284225042,609007.0611456817,-805863.502289506,-84394.75230727636,-137445.45656370954,313232.2976267645,559582.7678874847,-348242.52341514896,881500.5485151124,-377027.2196091433,712211.4787051834,293859.3113423141,257380.47619858966,526090.4430116592,963943.1822284593,-337679.36861413193,213781.51701173792,948375.190727168,608424.7106134605,207069.0603205182,755768.525501481,-273108.2734380858,-358050.4275546124,-322867.8681003314,810415.8144786102,632312.6624561506,-873945.0990023115
284169.50300212484,-74114.55282474647,-767980.2225671484,-932436.7855860412,24141.726854838547,-57752.14546290506,215693.38048667018,192665.2042272517,662784.7512708709,425069.8584847427,-72306.9056727537,501142.98068242474,-508433.0863192672,345266.1516064508,272726.51453847974,-420163.1248117839,980075.4105107645,-450844.7020175883,340538.77599074156,-72915.62575412542,402899.3322150691,366531.62352151447,-920778.6946972687,532045.5337382327,89501.4513947817,32281.538199710776,-399281.63338310993,684408.6256209246,10009.581735046115,413523.1055721054,-926873.7808689161,495550.1866652982,230010.50027393666,555320.575403162,752911.0384612689,-839160.152478013,-169795.18101855693,-298562.75577772746,-43279.5557802805,-694035.4445882731,-372159.32390945137,540679.5662697915,-316093.602878005,-635778.4596147796,-231698.4274541851,704527.5511179515,776275.7528626563,-198268.05201389443,610923.832325771,539751.2116797469,198928.108056315,-495229.9466422403,841442.5332978263,966434.7977632317,-197189.40671411424,-42196.426571204094,-171851.74197976408,-441965.40422942117,-372953.1705885889,963330.2283836231,167110.24041829794,334263.33426581183,452924.10649731336,589483.7720226601,-93842.84506221663,-105810.25776910619,-757494.013632475,54196.18958857446,848736.4678465705,-423167.4373991381,-337325.78184673784,-23924.386225472554,-583623.6669756921,-150950.0587399752,-80979.73405546637,-281679.9749902943,-749443.3970864603,767057.9671683407,184666.07076778798,840205.8040912116,591129.5830740219,-702496.839053418,646012.9412045232,356170.672199955,676913.009426092,227747.61775324144,45476.61839832412,-364712.88278712064,-348555.8643851159,-831603.7734383259,-126678.79253189999,6324.4760795563925,746694.3840245144,-85051.46806061978,414240.65075496025,670183.1437402735,822326.86854994,-527316.5547693779,-414459.84480101464,-288065.6626292679
-917316.5689283402,698394.4387775168,551435.124953829,-958330.9223502158,661091.3164009377,680294.3807742619,-919142.8727670738,-956965.803471245,833981.7291276236,-794470.944219359,381414.60117032914,491838.12699244334,732336.6446148108,-614976.1954921789,-23575.24589998566,-128235.01226064726,-667148.1486936249,878366.9134932721,-100613.28773605463,87870.34092588467,-39722.68564015953,-514927.21537452855,234993.6757689619,147581.93515175,-805327.8736490991,27776.205548774917,494148.56157544116,-477181.1743612595,-613531.427172052,827053.2125384358,-975562.4123230744,-329388.06110222486,-970680.068121611,-457245.9669195354,911206.3675906088,546802.3330110717,795458.336062602,28674.307424976025,378976.07774044084,-269531.3500120451,-42297.89456362405,429368.301501835,-287328.2352135151,502679.17324747285,818984.9780987576,-935826.9431686617,-505797.93959474564,424473.0681089561,-344822.89349352114,591241.306436883,147266.81018813746,-821768.5280199444,951846.9944794821,95919.1816896426,-774546.6336563673,-267861.39222804434,-799535.4191472604,-472660.000495184,33651.134076668764,-638430.0012520275,-744223.9203424319,-858776.6057603125,97481.03101100354,-240040.24150605744,15444.08876095037,565835.2060398927,40024.26609408576,-389615.1300609163,-254468.29184192966,-49281.577173971455,398757.0816708042,-420172.39484504017,140298.01173701487,359664.566251145,87654.4133845726,256981.63165691379,630635.8881837965,183143.29602825874,-97394.51668003469,574300.9700759822,-195986.27923016343,-875520.158209081,-100941.33227640984,-503720.6973867889,-152755.50907186908,-266120.4474173455,364267.86000859435,-149473.99405778293,477140.4104727919,-843870.8402700126,25673.477673088084,381001.3226007547,-356224.0977464329,-473584.4965248646,593539.4095131848,-170456.04061485827,86091.11179661867,66150.55570016964,793672.4419188555,-719586.6821677599
891306.5225834392,120061.3303179862,892111.8405985527,-70878.71540784743,574328.1376108916,471714.3955081841,-516765.0295040316,-292575.32041512197,-822078.8306960518,-710191.12975773,718023.6043808647,-727571.5559573417,181139.21075361292,-53655.80078352569,153205.1063883521,916388.2865635643,893508.0008649635,-267093.24684592814,449666.3361153547,892820.9010639659,652072.4980934982,-616667.3350645797,-574301.1729257456,-960387.0817920397,989043.0905618104,488487.79460604815,998073.0079315847,-775521.4107357394,799343.237631486,-619511.4782657294,417217.30018291087,-889134.3696987613,685142.3720196737,-311596.7343770027,140566.84884135658,748229.1241408391,564893.292218976,647410.1424527625,-730037.4897550446,-986558.0888874859,66095.7465225542,-950905.3662434733,871333.9996506511,872353.0170612929,413148.7507450578,-22656.22663091158,939154.5614174812,-446975.194884698,621085.248555532,140110.270391196,-360333.4372730303,542730.3700568532,351788.3757429572,76534.55117105646,969184.3702026855,-852716.8348411516,166776.65978460526,67741.25098847202,-603823.2620846542,-440305.0615963453,-893707.025432559,96322.72872518096,-89116.4111765133,365261.87639486976,969820.204989091,400440.40870734025,118813.75585720176,489819.6600607943,-785201.8285786648,-839166.3071563182,-740961.6071260148,-634487.5023483331,595202.9086011255,811916.2822239257,960107.3810670676,419270.41198779293,-128735.1907303282,387326.13206755184,-332725.7456211379,927935.5229754117,187521.78882682207,-950846.5115670778,-100728.71901118162,-991416.4040722449,23310.95492413349,-351597.753689004,-64449.185554582975,-483345.28582148463,-713119.8962928733,533109.471183955,-516115.1619230926,598715.9556544984,600442.0969866507,-940310.5495414545,992359.3282846517,-901185.9762491086,-823398.4562014989,-979735.9973615259,862339.1058184619,177644.74090737058
431382.14879834885,-992048.7924977927,914310.8957553799,956359.8574328565,-418258.77734439506,358753.0337688718,-91467.80336123926,-141874.20664845733,-462540.79674901697,-501437.14302709495,323586.29256602284,357292.0331529307,56867.37228963571,914377.4927297716,762372.3900534972,803884.1249926423,61855.3967347967,-951249.4924060093,-217223.26471234998,-779198.7327096892,-360252.72972038586,-747189.5557626085,21632.83051408711,-706520.123018717,896912.3002592342,671186.2337621117,-171571.5738083563,-319700.4427737491,863639.8870107331,-772037.4015614799,157200.34102040692,503839.0277032852,448470.77794908313,830922.389036448,-919332.7659377073,-246731.2245265951,298468.28206499456,959046.147724719,-792486.4674830246,-208072.03379659622,423829.37609668565,720553.5647596142,773781.0459185555,98521.18561461405,192478.40380447335,663119.0200639465,160226.48508298,-238923.95722417615,115828.31166834594,293889.2686389382,29560.439765779185,642209.1132201867,-290808.37178814155,744518.4193032768,-854860.4928478731,-682925.5421584148,-650557.6982011545,-274214.7928386604,-708637.8843373838,740724.4325671473,758976.4773558201,-6034.7263141813455,954438.4518506159,462449.491445669,-995700.702070067,-682799.2903075035,-372115.7240246788,245515.5893822692,630994.2728343206,-435440.24997762905,830997.8588704818,365649.53659296967,-688875.6665612659,285139.32196178846,878072.6818192059,-685561.4680648923,835305.0187479267,-785990.8424138469,-400922.3340267434,-104238.61262851488,234778.8923117756,510855.2242297607,84232.93498927914,-218948.68476228102,-416997.5505241186,-887780.8025723535,-745234.5915995031,-749980.3312589155,942706.3775606849,938388.5604069002,-751854.9698190519,899461.7283060383,488808.523631762,466319.6109980787,83280.5584059034,-868139.0647951461,881604.8875873801,-589513.8553887762,915932.2688494029,-702975.1011515427
-350660.16955922707,735951.6321542794,-497837.5053942212,735114.4923179697,-489282.55714566115,-121491.71703144361,-249039.35544432735,132691.90530659794,-727253.8086992892,-740635.7929960897,273212.66594764474,-270871.1272333255,69777.33669594652,601255.1149962796,223179.12790131173,906662.1306955002,-994949.2657412608,-913904.0932000622,405814.6364231766,906590.466137914,-810490.3094895957,-918850.3997796958,-371479.8245428788,675763.1598553848,43649.41219944821,-125047.43714746041,235685.14581677574,931310.230731525,-299147.1459673749,701325.9178515654,570771.7865866874,523707.6254945595,-288971.96404969215,254347.75437931647,-745657.5717686145,439569.3139430769,-964658.081290255,160852.27839009906,-667961.2396934256,-940762.5917461455,565656.2001683556,129183.4554168405,851395.3637920211,831029.4032563637,229673.46100103925,315390.9626338852,-354726.88017762394,-321383.1568278356,990869.3683377518,-692848.2675077867,-954471.5922127541,363569.78864573664,74229.25896923593,-750072.6503532755,794337.9118444386,466149.11944139283,782155.9513779818,-455195.32654557773,-901032.978312998,990440.5067455976,387194.5297759902,-564941.5806662557,-971135.7256158566,618998.8621496374,-324499.5009163525,131203.09640003205,-330539.92927817476,-876607.7926527552,30411.438277776237,-238273.13011306652,686447.5228149788,-271036.46983489813,-698173.570690388,-85818.83364270127,-914387.6145493777,849505.9672610962,-990047.5583393784,122578.94828135613,479237.91167988046,532384.0531088689,-486786.5012066954,393123.38426553993,263366.76172866626,-777249.6790786698,-380908.42281397944,-770835.3384368352,528173.3765503899,-187686.2061735473,858656.4426741279,-859869.6866341458,-992470.8603557864,981579.3436648354,-398725.2357159157,395388.2962235641,690118.7906433556,-104599.98402933218,-507364.07930342085,403500.2907672308,-848423.4092361835,-819813.6600349379
38146.35144314566,-841453.1455137981,556817.8185976595,-838454.9389920733,664392.3027503556,-741820.4976148916,579048.1161197522,215554.22194087878,-212308.65637885116,50004.35336760827,-194289.83643384476,-612082.351321796,260998.51621664735,553090.2576050342,249103.86621369794,-410178.67773279315,488712.2709503961,911580.3011745794,-890400.8462076439,-85932.80570656806,906376.6424932221,-437751.7603643255,-657889.784013775,61732.13538251631,151160.10414058738,-219589.7000274225,354984.2937319684,771363.9401667023,-325358.4603054249,928110.5776853075,-220382.63107822638,603398.5832096622,947373.788285291,828356.2933401447,-820147.5734556887,-887680.7244629714,895913.9037127034,-249289.74677817454,219427.85804129695,-145959.32507648144,-30075.156836309587,-354723.21869888005,-332830.3387395182,839781.5149620099,244274.44773036614,-961030.1685267031,-547647.9067178173,-170620.5641523049,271622.6680878857,-179094.25574683293,833636.1450562954,-717770.1011313496,-569809.9558579321,486158.76965806144,-556335.1469293198,220930.38485116232,-249610.93459860107,-966314.2312852595,234515.9719749461,-372571.11213363416,920384.6447095135,-822638.9567601171,-649919.9313292186,-920142.9338619374,-269646.21752451,930347.2292767032,-143929.907260395,989396.6514454936,-282210.08708110265,914748.6415364963,487105.5266200213,62849.248883530265,469914.9256636177,220101.99723655917,998091.1887302084,-752027.5127919351,811647.7372474612,865331.9701551406,-826293.9978650014,-882342.0007529801,-235991.19882349845,-818714.2283567192,722877.9358959866,52028.67618007609,-370298.50910628494,790032.2093748748,-248149.08492139226,201401.8312833961,915464.1929545882,684575.9032897237,-237836.84713335428,-295281.17433924426,123081.65867051226,-352779.83728912263,-89915.6369868532,883452.2554252888,-243564.0798277643,590465.6850049281,-786248.8070927873,-840079.7660271955
828804.9616817767,216002.42313241516,744589.752374337,-134696.87026238674,70135.14086045255,-446474.21184543124,-643878.8659374984,474001.29422324593,-808143.7130868221,-696266.511736124,462641.75727038924,-777361.1711044761,-115382.92904075736,626557.2159890793,486348.47742871684,327423.8733339349,60444.93816259713,-718743.5613424752,-712469.0231646781,112935.72882513073,156425.37766913534,-937561.6631378791,-329946.0313902458,-776829.5853430565,407294.4802264194,437510.4905683361,144632.52332314313,87039.93293909403,-113328.33538582386,102415.58408370567,353917.4743111199,590146.9811352533,238584.96749551315,-440336.2853866877,803870.4170179688,89978.76952448417,-718226.2837014204,-523907.12170253415,-95160.02057863888,-606748.0754637981,-864465.0402207206,-877527.908985954,273501.69708933565,-817012.1563393695,738628.9811374436,548109.7209188894,577616.2375919472,-854747.9101461883,471930.5782240054,-115529.6094728529,2842.075069390936,9716.2927982111,-125075.13159189455,882077.5062051015,-702709.7916854494,469818.557056583,-177384.0282220234,280527.6955416596,-961551.0464720738,-225450.76487505948,917035.5772725048,664080.4043461902,-301414.41145349224,103793.24108305527,-227283.88097595703,-24469.825850484776,883209.7267103815,-752847.7729161745,31890.087731091655,621508.8924457033,401991.4717720235,-570658.1068695823,979658.3614040485,-68140.23259814817,339162.84708125656,406623.57767013717,-94734.97469257191,-888670.3889507268,251061.3786434224,-906887.0864678471,160234.89245195617,-694007.0607886713,165675.79796015448,302739.8727002698,925481.3309164466,-313214.8540810471,141117.40819655405,860126.7081672908,-101406.66005396098,752984.8219741755,177418.58930975618,-925162.8958349696,770119.7732991469,419761.2557264529,235270.70239842543,186989.39478692785,955506.2801976928,-817736.3097726693,-270833.679417243,-880182.8598544239
489766.4104644165,-832611.2420367597,-60063.34567578707,-619345.326446062,384706.2399617813,260497.15270089917,559993.0472231156,-395535.386434005,763891.3945352733,-462120.3712157265,252571.86096924567,-312656.3300213207,-610591.7668686307,-112260.49893997691,216977.8183985583,960106.3277490623,250132.26494133798,-925149.2808329777,-348822.0741748704,182071.13607618562,647114.0593380772,-742803.9910731155,-923144.3635667795,310551.3777722656,144786.61399728153,-798333.204046241,579588.9414199917,164767.4260971821,58177.46577914059,200869.83873284585,-759039.2744431747,824749.9878739298,848831.1903476657,638219.8655471511,-71587.48509354051,-107825.5049224759,811072.6494853836,716548.9901486663,197172.76824565697,107223.99732821551,-675374.5063168821,-639907.548792776,302224.87758034864,750242.8194551256,-207333.84666915832,818310.3207065021,-533217.2591570772,-287519.4023327532,-738460.6379418186,209731.72096032067,-628037.7120236465,-949449.6089366942,-390971.9293328229,-340615.49050671665,-423722.4161255115,-689134.9417801285,-130929.55677277199,343399.69969474454,-190246.4402920938,688449.6357882789,-733366.5819493786,956994.6972631547,398321.45738429134,926305.1872548098,87871.20893626288,655892.608232372,-528020.3936524119,157064.4505785841,-97156.50204935437,-735281.734169571,642723.6664428415,619868.4753193259,722799.716343876,966887.8213123702,-824316.0690645763,-220855.08467520238,-383235.22156970506,-773570.0399676079,-36225.361038685776,-121581.58160322462,-799712.5886870953,-962367.1252561248,-768715.646082503,756508.0152967514,828077.7700910927,198818.2399408978,738286.7922468612,-150412.323120662,242379.89408257487,-156105.29770499165,481076.58379037655,-721031.4384097238,59287.56870115851,344682.09273481765,939384.9594624781,91951.8679386226,-762253.8302905227,627845.0070071125,-48911.444409966934,941679.6744918458
569802.0032226185,265849.8232341425,-776847.8206476315,68023.47094184905,-153881.6895120634,-866630.362784367,-357037.5702716273,-534298.2439675643,-337133.2311458795,356114.92944185575,324808.70469705784,-431837.1022238247,-17112.334720479324,892374.912391714,-766556.73414739,-853821.9475535995,-924592.8469438986,588052.307177214,257788.58806072478,-762341.871743089,-843546.4881919766,168411.95614390075,-537397.2556757443,-449038.39975947863,936311.6643534319,-992335.1367631792,223403.1767566062,747438.0517504676,-302950.8970051984,674115.8806260908,-329228.8376663821,-499298.0305264096,375332.63157770364,-194141.3787009765,615385.8263129762,441981.5216561919,677679.210683357,456265.2318865233,-803120.573350922,-429924.90045387414,-716363.3437624744,649844.7462237845,-6787.33065631066,-124793.6173498712,-389583.54621113406,-347249.6564447569,11469.852262908593,493501.74224676914,411670.2413908413,292723.6709238165,105944.87721521477,768591.4408880637,-698402.7993755527,461613.1577483604,-31029.995248648105,-661261.7478423149,308484.3896395236,428547.06344137783,219517.91209762846,-930446.597644857,599002.3994717312,-706514.5126294501,680378.6033380677,-442210.1503267555,-753424.5076240405,55954.86438046908,711523.7476425078,639023.6896219777,-804080.9101014335,212790.1677427888,529269.6739701829,560191.8512994545,619896.1932343675,-208969.90188123414,-886826.7520676225,-558204.5022560467,-400558.7193802083,-850619.9732949871,223981.37213265826,274634.5950765547,-119288.9376956299,420948.7298068842,-39785.298936108244,-575348.1368334958,613932.9901552885,615490.4320510915,692430.126738888,744353.8857136674,23620.46499428863,-326891.4345079836,984685.9098175545,-169497.0542270753,234966.0795591066,-955433.9013958151,132546.50806184858,857078.7294322948,-818063.210444065,390447.4120469254,863451.8185800165,215620.3445413441
-951819.6070327627,-253837.11914401385,210809.50384005415,485745.2715871164,-776362.5556725194,-692950.1036822426,-451992.7044354825,460016.6389847826,-422692.04665407713,365672.10613750527,486905.8746742171,-512223.5190801412,-852420.8952390244,133185.34100415767,734473.843782241,328479.5937594762,-477006.9998536095,-524542.6600440983,-320966.4030006827,398083.30572833377,-463349.7594234197,368858.1352666572,-497662.7114503089,-124269.97379870119,-893346.7961791763,182589.6772332508,-758135.3562331925,909671.1334180005,-640921.2969869695,-525019.1276933947,956606.2823447122,43836.64565157704,607216.703942595,481289.2563328638,825405.9648398743,552628.6474779281,252230.20845866879,-351130.9120290178,-38516.46991113131,125612.73484289227,-970959.0295885899,-951737.2588807647,-944217.0478326624,758321.0664670656,-876084.0918429997,-919887.3785245003,-660921.5998903494,-287429.8749511541,2677.4240992341656,527132.4894013244,-214084.24842791934,-890169.4808302929,45462.678388022585,947600.8906097552,825020.348867397,42444.539234308875,-195873.64995262236,936173.9709455199,288169.7985843697,-482052.5075895605,104899.24280108535,171894.06731494237,-405343.748516878,893016.408794842,849901.8730528296,-852953.1459621736,-182512.78597460408,988713.3040767235,-636194.375286322,90105.29239510489,-127434.07677071646,-112475.1381624029,297648.87786096614,390765.98863501986,454397.02319176565,513225.43982685683,975617.0152078604,707022.8904313771,-792544.2721340514,632880.8009769281,284371.8977459436,-545059.9424304601,752125.5483141919,-144179.16245359415,667148.7708835918,-977799.2878231343,601606.9841554088,-345076.32071427687,-175744.47574122052,165111.4955324931,-512671.4447739733,313795.19253818155,996009.8027287275,-449026.1074940844,-651742.3411922469,434744.0297965782,-761620.8296122238,-339653.0918173109,-92962.51337490231,-774442.4641005141
983032.9438077428,395268.524795586,206875.48388928454,245313.7336086228,-892176.4847782699,-480935.4943929798,791308.5660737169,-470793.5144881961,345371.57255078945,775179.3150061667,-789708.0052730977,278322.8213421595,-268380.1272563484,-719389.3262749761,579042.7286713668,670606.723432638,985502.14952977,-143122.0704877932,310733.4085722745,654223.2166503523,-199959.37267817743,34691.53299705009,-896766.9980874291,484877.7078534856,218907.52965707332,-201352.45859151566,81984.61274487944,-486831.3515087068,-492410.71445849794,291540.3519930907,-560692.2581362104,791394.6713199699,-318437.2169601901,-696797.8093546485,-158803.3474403004,-772251.2188855573,178881.9054041584,737802.8785577074,649002.844938304,-84661.01067013957,-826405.7314305295,-117638.48712234665,-373661.2602845073,-712455.5901837188,-959778.2624047253,-460735.3783815338,872478.8845522508,502646.0871225849,-976038.8147781196,251435.43167237588,-298856.986850595,999133.3637705394,-344576.8517463275,-547035.3941704459,449973.1515956137,816489.5425730697,-246852.85164114786,303544.19530759705,866460.6224526269,580414.8038778317,-340262.4384579605,896330.7340234651,-598549.2971424524,-100134.4183428901,-970662.0281589929,731436.827032564,-511944.0361288323,179912.06922185188,171060.86274831393,607041.6583511776,-668123.9384633389,-758798.6591118712,443835.04319897573,-874909.430223818,-831556.6268998189,-884287.9708397124,435733.42132232455,-603334.8268803842,93872.25964435167,595742.3061289005,-452345.8887050082,175848.45357530634,-838688.8470703894,-157020.7372189376,-970095.4627947615,752730.8014249508,600595.034596734,-358680.93400482787,561282.6540047398,-758790.8206579041,-462227.48726999166,-879654.1943682279,480860.88529008185,172794.87334930524,-619140.919824037,-694979.9720467334,836686.0959755185,194187.64645995037,350813.82007521135,-614316.3690502001
-538461.795074787,-663396.6699672281,342214.2404212195,563081.2838438074,140924.36364795896,-103424.43541691208,109859.80568086705,601662.8481574764,-849839.8747204468,479483.8380856477,-499020.178305823,598097.1000469769,604646.6111817597,-104029.41798271041,804222.6198993328,440732.3647272622,-872123.5938541326,205841.34832243994,163629.04110547737,879083.8089637614,347932.6289774033,-576335.5069829272,908479.3717644492,-421163.8500959623,-968633.4792356896,851810.9642851993,382934.6542610382,-267379.3419545742,521303.31867264607,-576653.6157058903,941196.5921023814,-530143.2732915159,762814.157439332,-523878.59517916804,764918.2522592309,560057.2020052616,-777134.2543019091,-599663.6724533144,-210107.62065305945,293067.8697114126,-850756.5703289965,500623.0021550001,894906.739657247,-949844.2597105339,215074.9518791018,-119129.48222734896,-860538.5628299525,22527.062621524557,406348.873270096,451629.4003211779,-487926.65871614503,-225662.50740453845,-552903.1466561742,197279.87367281388,162741.17003280693,-814459.7945976326,397380.04885093076,-365723.4854864087,-160635.15992784745,-118978.64597589697,-640053.4747870839,-964421.0032686586,-741452.9939237569,267439.2202674169,227937.9931825907,-180337.0155211765,748998.781369179,-462.31719904916827,137435.14702858287,-209605.39973796636,-740732.467119916,-114990.0274507578,-617905.5738878043,104185.44250565162,-555677.9191887111,-352531.4639987957,210434.52082982496,-77777.50188263739,411390.11308887065,-199208.7000106948,-351075.687483315,451898.04996378673,200058.55153679592,-568196.3029857264,-998002.6122406715,192101.43025738094,512678.95823305845,393177.056530294,-30584.93894589343,986531.9671235692,855322.8716775049,-140705.74777638353,574586.600149177,989912.7288795146,-840682.163617501,280869.5730566343,393948.7482276778,596801.8048312608,-834491.8166723992,830514.4107323298
-604814.2958944722,-645768.1796142189,87395.34581808932,651282.6654790076,-333047.8381395985,165346.9826888817,880216.6744461909,968603.9378895792,448751.3226985177,-374133.55254278774,442895.45082125487,167893.57550959964,250302.9131691428,627187.4732413045,-397911.3241926782,-609334.9465425748,268122.8836062816,-994547.6120482759,759839.3344603106,407897.34107661154,-568193.8063721405,-872714.6864756341,-653742.540179871,879031.7370956363,894437.6745359874,-80790.44939147506,-938356.9535045687,-660211.605756218,433088.44272688637,-501491.961973616,-767590.0464701249,186690.0469520092,888248.634825547,100562.64775827108,852312.1266914543,452184.05705685867,530278.5557906779,570206.7044223128,220059.49491848564,-327495.08535408694,-420682.25990527216,86453.71877787728,200349.64552640705,-22889.187963350327,980460.9856644061,49838.80890482501,-569926.7023776262,-943934.7678080936,-594762.6950131259,-960882.9732527073,-51705.54048996605,8052.847415279248,-36889.65948857344,-634372.7911297772,-465315.5266779016,971875.7824596479,-837740.3904717393,256220.12304220884,-840270.8843533364,657948.9002497895,-999224.229394691,-668498.262931708,885020.818961147,958226.6920783231,83172.18203788949,-757583.9586363191,665386.7957751774,275699.7791645189,904137.541783863,-48356.82054072409,-653673.6955602444,-7710.861911744927,-626778.94420285,-918808.3194318275,-240502.48316645971,14159.60105979396,628566.8241004583,113348.10112820193,543775.2962880153,355263.7855331111,878669.3522672136,-920524.5049781248,-674535.27359829,-863905.2433944508,-48269.88402571692,526767.7717727919,566190.1873796885,-847772.5214670348,-886343.6403987879,-607169.5774791003,381772.3618887628,-886096.8712768136,357816.4572683126,-264597.94086532714,943548.6920596727,-481937.17320317496,547714.1404337205,385497.1561812835,-227415.96429960104,856983.5478759548
-588652.7154285037,-857174.2554137758,-158622.98779737612,-623951.4808353083,-459151.92910965707,963436.7720347131,521028.05452099233,386188.12028060155,249357.85402375436,-604429.7804183045,-971151.6157313838,82668.36060643569,-13443.301479383139,-867532.4979758961,-156864.45767767925,923575.0041927993,420923.6579858628,251599.77083008038,847120.6343467317,524023.250243556,-508411.4616791735,-697905.2704595681,-966831.0749687739,395210.1571591231,73485.09299064032,-197435.43329819583,-261032.40529058327,196336.77579943254,762157.586601584,230141.73014195403,367226.7117532287,126713.0366724697,620182.6439963856,-969695.4480609843,536073.5677546987,-846847.4187202449,974300.8517095621,-811736.2312795819,522454.9822392557,9949.027805183083,-280382.5836628664,573350.0020396598,439635.74887578306,874655.7966052978,517434.4124935218,-632852.3465369404,-895706.4891854686,109061.66004854138,394709.70883531985,738146.2003943655,874642.2575221094,286786.6955573489,-225352.6009344859,12015.470235713641,-3863.6392775936984,-35121.137168407906,596997.2918905558,-599994.3319580622,-374676.8308967374,-393908.2159915108,173857.76309192763,834160.9882841951,-412403.3944474084,531539.645785277,-213530.9043495655,-709209.8159640646,836594.3539867261,862318.2950063762,338012.8308944432,-989458.4836917719,-837665.8305750792,-872450.0687511298,-111278.98022169934,398104.35434142686,642179.9912070609,-902847.7648302325,605016.5734836836,950572.8695493932,-863629.5359159411,-490919.3771987057,-157414.11226515623,599848.216921445,-338208.1866259272,-744555.579498992,954050.8374321996,-330694.18939125224,481150.47026524274,-7503.926150077372,-225698.95698931091,-740398.8761181916,233529.33338286495,-738794.6935049666,-497977.3548386308,795854.4242135384,940736.0960417488,262472.9700070808,482379.4237601883,850293.3570915032,103066.61129944888,344223.5191389213
312072.0613608735,316392.2382616019,540763.7588254658,318661.3109643371,-188922.82835030567,574177.7563722588,-822305.1657930191,-97919.09713630972,69493.61413873709,92881.74075141852,771128.0853316954,571434.1582340142,880215.8781186934,-354148.32489113254,543521.5996018732,-914778.0162916295,-449963.35999796994,747200.3637089697,-90061.02216406167,386151.51590322424,-750056.9442538903,69923.95914726215,644862.2313361184,205101.34191857907,709609.0703764514,-142210.29670724378,349466.5810220244,-155795.68592492782,-826352.1421409231,837554.4387139878,610463.8204259826,-462147.1989288039,697713.4907436203,-13604.151363003184,-843159.6673357553,387037.3722049182,384147.7362783102,-417028.305497458,-728855.7374010474,594959.6581168566,-250458.2740282095,-312059.53946763417,325910.0650760168,301564.2874001784,792384.9856083216,-335052.5984308894,641506.8862671978,-164577.3818594847,-506071.4839259064,141871.56715871533,283676.12403582735,-662870.2453590776,-22909.319915424916,85049.55918986117,9101.183841258287,397801.1575431123,-484632.30903553736,946569.8140993812,863892.4377485288,951411.5855961528,486911.0828195964,829131.2144526925,-999096.8485213055,80452.21202952927,-331665.45714547916,582520.8032008377,715527.2460307949,-605806.8206966268,-533245.6638569005,-902618.3451896209,133021.4638334203,684170.0979235941,296463.1303835141,-502752.04811998695,725654.2094411079,565536.7721092959,752916.6122727075,687950.7370057288,350078.9962380524,-858122.7232519966,-621892.3241430947,329364.47930219816,376195.25895216595,962791.2796453626,-59141.90195371874,-335153.24490478076,240465.6532821029,951502.1047146143,423032.2357266571,-916306.7673258834,-154728.9704900965,365797.7713575945,-232663.81363911508,-482499.48933037004,-851811.0456314416,-582057.396517171,-175640.80107098422,-808374.6166216789,-192991.63474343217,-878018.2934505919
-464141.84692767274,-157858.43505515507,-552992.7155443826,-388281.902415307,432933.88325388194,-256787.5246248315,96853.11328491475,-435128.89342163445,48400.829524970264,-40842.80687188648,424943.4888952554,-261796.39882127545,284645.3121342913,304110.8224293899,-845505.0026111923,-336749.0775057536,99654.00873024133,-148266.17253741436,-907641.710901371,370000.2966473086,-955909.8058905748,918478.5008346327,-853762.7341833953,-461367.19625953387,-544009.2692186254,965476.4314889417,803160.9140036702,-679711.8782386075,191905.61837417004,-804436.5262888236,-328126.94225903566,-779551.3769387186,-221637.9549650544,-270633.34853060206,-843242.2301075058,791136.65404737,980846.3659547088,88471.08987926575,-627703.8016552762,533270.0529984811,-557459.9775256901,-949507.767615845,-93479.49652435665,-227380.94420558983,322436.0651384946,-5543.327558103134,738582.6098001816,-9905.106389804161,633856.8016143998,-517381.41275361984,-888891.1743477928,471223.83234041044,423571.00770098274,-116301.60499160795,-630668.8010601632,-781104.2544563069,-264930.4135917055,674231.5189981409,528549.8728453415,765342.4394166926,-216946.28166451515,842026.4171073965,989241.7652917767,774857.4828836415,-858528.0357325831,610633.5213581505,-160358.3743910872,806306.2716809483,-757912.853365271,356403.1909286133,-843190.8205282681,214330.18936679862,134559.0287144545,-103351.06549190229,-266296.56330551475,920030.9023051355,782160.2861028123,668970.6921570213,57542.513820831664,-944450.3792284172,-626693.0252652254,401169.33788297395,98916.9217467925,763755.7426241192,-549965.8777338499,143953.87351954984,647515.6058780148,-606163.6638294521,914139.8176554078,784064.9471177808,-511493.01855939487,-999646.607752202,-455576.8992180673,148990.67393299472,602515.4802941205,-456585.9407340891,600255.9407400193,400705.55203670193,794696.715511123,-122854.0395295266
