-987641.0297187243,-977283.4873369914,-965068.1305084007,-958569.9167757679,-952302.11134294,-922968.2463268681,-894843.6415011556,-880730.1103333491,-841997.6075712437,-809052.1313915111,-774534.1226355138,-767853.487571645,-738247.951499336,-708045.2741969918,-660343.7378213002,-652014.0299509894,-640233.2274761626,-620382.3309299485,-618732.5729082234,-595783.3507007738,-565499.3344133234,-529711.6612513461,-520155.7941808501,-478183.44882932707,-475855.4256441545,-469334.10635919764,-455760.8271691678,-433277.0179759455,-431660.71132461715,-414098.13796772796,-397431.4841672415,-369002.1627190197,-365090.19310205,-364007.10338944546,-280104.62534556084,-238202.21177318995,-235101.2519787812,-175732.18221957516,-144704.43073820905,-114619.08766426437,-101503.19797385344,-45883.09673301282,-38605.40890179959,-17741.685303466395,-11693.812966643716,-4199.687417640816,24086.65045465436,36619.20474873367,61035.40985345491,69435.76172257308,82723.67526295106,92803.37553165294,93807.95303194411,108302.93979478884,141142.3165392247,189254.74668682693,191338.07465993962,212156.08300811844,220390.72002103413,271344.0768303324,296297.10212464817,297117.41417203913,344768.8468608598,364448.4550466419,379977.21935490705,393659.7386229187,397823.07420202694,420917.7644657523,425587.9824801241,474358.6067587747,518745.76794616063,540899.0150307436,543987.8015871237,546293.089324564,551218.5564999178,580746.778184654,597559.516498748,647431.8989303957,662747.1796303706,696323.6110701843,715882.2049272866,745203.462096527,759347.9280047826,777750.4402800533,818080.3050038891,854708.2980315285,872873.8782448,881511.082672003,890970.7839192476,896096.9952667602,901486.9009159924,904753.7184737637,909695.601793143,935604.7638770367,941798.2907340229,969695.8403082218,971412.282338595,988329.0350416589,993993.6299378457,994152.0187539498
-981023.0625855669,-963042.4429452037,-918014.4346659196,-870614.6439897311,-860930.4156208759,-849042.5987795107,-839133.0144911142,-786608.3605452001,-756043.3542084399,-702119.0681088314,-698013.1068454855,-657028.0790217567,-614451.4353323391,-574228.5107881047,-557862.1388350278,-536263.3051644205,-528344.3880433557,-517226.9872792481,-510899.2918646278,-508693.70966019336,-507770.6621078906,-499503.3006603451,-493339.66211743996,-451489.53512539226,-429724.60980647954,-317803.7747726976,-304358.8995495881,-300632.5206326486,-296921.9475083791,-272499.1765043882,-267198.38975312,-265842.555592863,-245281.0933356944,-216454.2101838449,-196001.39668450353,-195664.13805701386,-168635.1457688819,-164624.44953826477,-143918.9512871944,-141099.88987300778,-136131.5101638931,-120015.98538559687,-111067.09367565287,-32191.998463409604,-30757.793323876103,-9371.746521051624,37186.816736794775,91891.44729407295,114518.14194128779,119741.18401326612,126557.47410420445,131577.7414241794,162171.10628742469,195012.5187466622,196793.19361827383,222600.46403542976,229621.41356705595,237318.0287962244,252314.68961778027,264745.34760886384,278768.9442819769,287671.6048007007,307888.4862904253,315533.49215486785,325722.9178341648,381794.3106580761,385247.4234259962,434997.5538350751,482134.60454946803,486635.0847988024,503866.3871873212,513295.3212499379,528653.3444055442,544019.3069567361,567726.739607624,585562.1103644541,589508.8655152696,637328.5167581402,645029.5202758077,650916.9512469727,651513.3757137703,665318.8332097325,669608.4547093196,692128.996524953,696252.9287350718,717039.9943726,726804.806913716,728886.230357358,805524.0573302906,818204.7283813411,863796.7262028642,886703.8897577156,890938.031305477,899173.4344593505,907351.1700447195,938741.8054593115,949324.1332487164,955912.9944370019,986219.6645650787,989275.8193082723
-988105.3884728914,-953694.5007644768,-949780.2302404504,-927829.9196538806,-903435.991694181,-873965.009114102,-868814.2407063318,-860947.2270089529,-849477.3959575967,-763555.2104682344,-755871.5989402276,-731096.8892915794,-724830.0002017647,-713129.2678565813,-691434.5016354282,-669926.3905036321,-651510.607948439,-647208.0644884871,-644942.5104903374,-639555.344367859,-630576.1292487944,-609843.604194853,-607994.6513915434,-573689.2364710622,-565619.6854906946,-545845.6072246825,-538567.6582006551,-530612.3973419521,-517958.1855022135,-515905.5382573996,-486824.6133546634,-472978.31273263926,-467185.438391748,-451383.99817947054,-425059.0444502955,-392368.65380002884,-371720.58339839184,-369300.345498029,-366876.32741134695,-323631.5108382348,-308152.73514347256,-304728.86736553,-261013.9939940623,-217562.60812547442,-217426.03540901537,-216524.64309543394,-202779.60902949376,-195141.12121419352,-179906.87894193758,-179188.558171615,-115596.78691785224,-114484.09807688976,-109933.57783220767,-93806.20844335423,-91745.22989174654,-59952.67625218164,-49816.988647633,-44428.93336832058,-39052.96078004781,-18829.8136594143,56634.52133378433,66308.62843051506,86912.838953058,94446.10284914565,103666.6827143738,135110.33962691668,161521.152063241,164764.14830806083,213360.37250208063,221074.53070125869,249647.44350051554,284530.4453718278,310729.05216247356,319201.131523469,336830.5748723345,351875.606114503,360520.8044897821,405137.84580704616,430331.00364058116,455287.3466466111,460716.5726671007,476102.02445451426,523216.1915881315,533777.0064461504,542311.0891802448,573439.5088911848,574300.1927373756,595377.0667516971,665769.2393270233,717005.9908556391,762966.0234048548,769115.3691349351,799634.0058772706,848460.6982514525,855508.8590061325,877067.5557389448,886646.9353692248,920595.663213734,928559.1319484825,964375.3101968665
-994527.1185372238,-986460.9301887903,-980356.6566275237,-978919.8073493948,-977285.6840867054,-932075.9104005003,-923425.6257140214,-923412.3809288377,-908171.7602498201,-882260.2422372918,-857905.2511908325,-855382.4706474169,-829895.5470516343,-802231.1365914785,-798071.6196641629,-793513.9275198197,-755908.2723191243,-755813.2304099468,-749397.1007844913,-741220.8100898619,-734109.3783562789,-733982.6725968148,-689383.188749569,-638279.7353798966,-612649.4640513409,-586442.1260150141,-577641.8121790376,-575259.7650157057,-570204.1648137821,-569668.415115719,-541407.0233882281,-529222.6251126479,-509580.37958854827,-507800.49563693244,-495667.207057711,-409047.51491830056,-373488.84344231826,-350287.83593459264,-331618.9450012443,-299048.41730292153,-291586.67579533753,-275944.73579605785,-270135.8647257448,-254188.41384711827,-250002.43968861888,-243892.19569562166,-233713.4403514918,-233100.63049074262,-184316.60388081905,-151985.0216324028,-83331.18712622917,-732.5694774935255,8320.31172140874,28517.02738827374,29470.728252639645,61166.8586195095,93587.12052711449,121202.8597382498,144311.02052065497,155775.90611861157,213501.3871650102,219635.22117915633,263816.18570895656,286927.5337494784,291534.1446407186,328148.2137909869,362832.0626794568,387736.1172806658,415478.83065324277,419056.96194220893,445556.4400210562,461259.4616965081,470425.10198110435,545652.8839997875,551869.9689031173,565211.1648630907,587523.5990085609,592431.0101584017,595011.6443179052,610846.8720139829,612777.6367743774,671005.692643225,688924.9507776676,730702.8497133711,750282.2630497848,751833.6938464092,781022.8053199917,796160.375040886,808491.507431404,816241.3158907241,827427.680633622,888277.2909044286,892917.0616982649,915156.8481589966,915288.4666496248,924390.504382191,937109.5792509345,939336.079836631,972011.0194614683,974679.5247776764
-989349.5289978684,-970430.6834451306,-968899.2370872034,-939289.7817174635,-931601.7345781534,-923268.6086513567,-921192.2561377655,-915334.7665060367,-911009.0554012671,-837546.8363504936,-822831.0412006412,-803524.798498784,-794307.0747464878,-791848.9015142032,-747223.3208991203,-735659.0082577849,-716663.9098641905,-704156.8215711575,-691466.8894252869,-687706.0145684808,-633016.5434443036,-579979.1351312493,-552252.5272850811,-544835.9180535795,-527168.3679005699,-513506.85483091895,-464547.7137615257,-459612.5312632753,-355191.57858890435,-332408.3449532038,-325168.0033890434,-311600.0860473296,-290587.18194709066,-262271.7399724331,-249190.5037004822,-247294.95138242096,-232027.6812565754,-214246.30201980285,-205432.3463152867,-188746.3869050237,-167158.97420045582,-109965.40151274134,-90222.42305037414,-81083.07490455103,-67684.0922235531,-64743.51418922632,-43115.10409845738,-32543.098215538193,12785.766008330858,116581.72013347922,145212.51590360072,148402.95165128843,150587.89516890002,157768.6919453859,158527.9276246652,277263.22136853146,298961.4169345787,322845.76792053855,326686.5865862225,381676.8458801431,393808.7814611932,403253.06089374074,416907.94824106665,423431.1877064607,433296.1891008904,450173.01473353454,470738.3072146403,473472.76570267393,523036.7854800911,548715.2980860416,571967.5860758703,588880.0439525661,588899.5389354136,594454.8929589773,671327.4057179843,672404.2632571654,683747.3169074836,687085.7748246538,707684.5308639074,711699.7830940911,732327.823379739,752028.498509513,782509.2950907391,805789.4460063928,806702.0968679104,811201.3286582974,822707.2985811175,840638.7271034848,841397.6030700633,844029.3048165992,849960.4515035914,850105.3875345781,857643.6704874584,859919.1496325533,890814.1463592199,914369.3200855805,954638.6731571152,957308.0458816218,982908.5301342569,990152.2636795826
-972678.2720626475,-959815.3680411361,-948234.8821200636,-946980.9392346569,-946165.3891063022,-908898.2126754399,-876886.7868957471,-845523.6464183335,-811065.3982523936,-786295.8045529911,-770476.1381114493,-755440.5345034752,-694227.1264723954,-693066.5562624615,-677388.9068762462,-668915.4863607616,-665145.0983008991,-664963.8739076888,-661712.6162056052,-607682.7105579497,-603511.9600305894,-567416.4270879724,-559587.3808943217,-523854.3610415638,-520487.75242560153,-462025.6224337418,-437810.24907522695,-379968.51824154065,-360278.63981189975,-314238.9232645228,-305442.93388624117,-300345.9865262435,-297146.0766984675,-262293.50754538446,-220234.4604214501,-219420.6945444406,-204263.5803988335,-177058.06665597204,-176317.18526537064,-150922.6288159045,-146907.02139713638,-133518.59983043908,-125928.98855907505,-109496.20497527707,-68003.38891216891,-38128.48016414174,-20215.142345577595,1623.5846574123716,39499.64747797034,91923.3738715204,98693.2433001243,107721.17245468055,137337.16899017082,198488.46644093446,218689.14040464675,248551.12302716682,270067.40011873073,277715.02526130155,285429.71259109955,295118.6278307596,299416.5387415404,312678.75251654116,317966.83930792334,383507.5432719842,385443.61645152606,406433.21984124347,418784.9736455183,422010.07526600687,434916.2792489254,435368.0636136478,441852.79180501215,464441.2900318154,470414.5099127365,489770.56580968434,501445.42574019707,512691.43038840406,519140.9928432428,561652.9944336708,565415.7754510585,581668.5172769683,582032.4113454097,586070.8400745408,592343.6720532952,650293.4348839857,674313.5673861369,706125.4023442792,724463.132044133,739565.400870488,747249.0831124564,763383.6925545724,770512.9125464333,774195.4808008461,819891.1067855391,826037.7467220735,846677.2966750418,890264.7214355068,907552.3034273586,962789.4301510428,974172.9339902438,999719.0360448882
-974167.5326168566,-946724.8347021414,-946551.1426384891,-941747.1501633439,-895436.3306148394,-893793.6753431357,-886854.2936887845,-882797.0666847033,-881327.4341166433,-829837.5919958727,-826637.4332656794,-813236.3612238325,-806249.9621957552,-805541.8434066875,-789873.1781225598,-786280.5514244062,-758673.6859763078,-746116.6455885242,-733032.8798246704,-729385.7056210937,-727001.0655653141,-723177.780811915,-701364.0791952366,-687624.5439158666,-634051.3006244726,-576326.8801953881,-569253.768012014,-567008.5679505354,-550318.1318035242,-516235.6365194838,-512220.07830619323,-464036.47055180673,-438913.2682336607,-399667.0361753447,-392645.28190325794,-376093.7638583337,-367657.7559803884,-366518.9009454757,-302928.8391028915,-300512.98682805535,-291327.4515822446,-281857.7178176993,-223579.16906668,-150882.86840500182,-124436.59197040065,-117396.89595144603,-96388.8410639147,-85416.257545406,-40304.75739351113,-25366.508187568048,22032.277033771737,22106.227654724615,49877.028805205366,52346.289171405835,57455.75875821477,63834.94183107652,105992.45505718398,110816.35087244632,143649.31717346818,172048.9697097165,174338.1487268142,177515.4263747933,182951.8748065508,219699.72315035947,222415.55742368405,231257.05379327154,262330.40406862064,274211.5838928686,277569.44046191056,303446.65173741104,306458.02705860604,361990.3520329257,377498.43478017254,397593.58920243476,436342.66215812205,439766.6463984444,451184.30307449633,472868.3190164105,494958.616841777,515472.2395834855,527897.1967836523,546823.6697919832,558053.8796793036,618578.8213036973,634405.4446378462,673111.1809220042,694640.1815576062,700466.5347459035,703171.522771717,725147.4698747694,728212.6250477326,739203.9094122637,765872.7336068857,829593.8389633701,833057.7297374483,861968.0683767216,873702.7623051573,882061.7730210212,908942.868895463,924135.7852756127
-977332.448202846,-963195.9750239891,-924789.1166228146,-901198.0161061161,-820358.9519008249,-816160.0619235861,-808147.6020487098,-785864.9513310463,-741398.6747369929,-722329.2665407022,-704715.7081049609,-690500.9475639599,-653979.8449508827,-603062.8044888335,-600736.0724356016,-585946.1269119828,-550735.7491059672,-538811.7147916497,-510517.8578026435,-491104.17230939807,-479917.99983542104,-477174.3229143437,-429944.9850717818,-413621.74671935814,-397476.93929215893,-375704.7139701572,-372999.1271113169,-344801.45185106515,-325064.62699003017,-312270.0804675822,-305976.4912469847,-301627.6051498967,-246073.73193882604,-234582.16582786106,-226060.2441862016,-201647.3262266107,-169992.11771658575,-165457.23798221373,-144211.73116356798,-136446.95846057252,-117006.40323750116,-104623.98428896512,-89633.68415142386,-76075.63266407547,-40943.90030783601,-35041.828424262,6048.045735363499,16206.789605823113,16301.860844632844,16932.326353056356,30041.10115567874,108972.8564163677,127259.15159366769,144319.01541245705,162422.20244190353,175936.6635081505,186904.8171531153,196050.3808399213,209111.28295049677,216170.69978385838,249073.5331180191,274898.4417337249,286617.9970111861,293697.6738595369,314480.1755917389,326279.06846770504,341797.4548075176,355748.2989548589,410305.34557446185,444349.711061636,502802.33644481865,524782.8421249718,527476.7357053051,531810.6904770045,545939.4410626197,569949.4215297857,600538.0386590397,636748.9918132022,658684.8635958596,664270.9500853731,680344.4276733312,729331.6746119955,742408.6474196056,742532.9431293011,752227.343550832,752273.6198969663,763531.9330657816,777489.99025716,807559.1868208866,829744.7500170921,837873.5376262572,844364.9452492958,886475.1246164541,888822.8900884087,900679.2743857934,933262.7166799589,953052.6151284052,963038.8027314581,972481.5889095587,996426.7397640129
-993173.7109436521,-976514.0280554347,-973641.6027624577,-971029.8122482974,-956837.215317464,-943004.1132675085,-935821.8078156163,-934280.4396773746,-920576.4947397985,-858726.7529820428,-854431.6942990471,-810224.0769223765,-806875.2215149829,-804611.8023441951,-795668.7411426635,-771204.0620576236,-753213.8930406442,-739676.7385221317,-727396.5785601564,-724143.1109392362,-686634.213715629,-655573.5595973658,-573228.1056276485,-496780.5160893042,-488991.535965956,-444417.4228244078,-405864.828991211,-396601.4815432306,-343166.47917530756,-342707.165728241,-278720.3087196825,-234157.9467288464,-230848.62141516106,-230411.61099262978,-206950.07082781452,-205389.4182382829,-189422.41574513586,-168516.13243559015,-164550.32292348996,-147132.7135795895,-136520.16387106024,-131902.2452799976,-115860.25012666965,-99187.83663415408,-80943.99318810843,-59156.47678773571,-47889.30203085975,5972.227249365882,28533.4801926465,56308.49411473633,100532.42068186984,112923.86041974719,132303.1593443947,153239.43344746227,191012.27048697835,236269.048512758,258620.23758263607,290494.920281996,296681.5545767301,317551.20348979975,364649.43399491836,371516.2628496678,379999.00341860973,386872.89677451644,393693.8953226933,397594.38896858855,426982.73639174155,444087.0667414982,453554.7115366759,458627.1072566137,465187.2061779811,480146.32581229135,489899.0218660806,497507.2225748291,529864.6871878814,554256.4269723087,563714.8321986739,578816.4921119525,595383.2459015159,597282.4910517244,639804.6038208983,649813.417001551,665285.9287715831,666927.031928503,682596.6489383741,756457.3438652963,766091.756299647,773967.5710383605,827877.2861469798,844408.2690537893,883767.4519965281,906309.4407384912,916198.7229851584,923308.4661097226,928497.32812123,944217.4102736393,959473.3915553137,964526.3901477852,966346.4890577805,976322.7379733159
-966097.3720359171,-959237.9516547509,-935999.4199023726,-906451.6415239299,-900901.5090237844,-875922.2609652597,-870840.0636498483,-846672.3123383275,-825830.6855117854,-823609.1596348005,-789254.5186646447,-775616.6150934085,-735843.8145649491,-700169.0858901246,-695595.9596900487,-693880.4170763422,-646962.458077281,-635189.1056048855,-623969.7630874896,-619519.0791098349,-606222.4207011105,-596321.2837191618,-569931.4207536704,-567914.3438624325,-564425.1714427606,-551972.5952488517,-540728.1119787833,-537324.1539196379,-530386.4127799906,-516907.1918282344,-497191.0710962664,-487268.04233321344,-479839.416121697,-449387.23648869037,-411456.4197919577,-404019.87420323794,-379706.36897653074,-360836.1433211755,-343017.0651168653,-307419.07310091227,-293377.36583424336,-291603.34733490914,-286335.1428654946,-282521.1915876174,-274476.3611362198,-244892.51294535608,-231671.49458082288,-214329.16893372918,-191006.9419027085,-130013.38328080752,-103800.72514101095,-71639.52202001435,-63512.30826242955,-30702.03089428111,-24935.455044586794,-24734.701005322742,5570.820375860203,16640.345275907428,24041.10936683335,32791.30699520861,57254.63794875913,135370.61052901065,207645.47511876095,208459.46063269698,208812.6399273693,214088.30758227827,246772.65482167853,260965.48265095637,305210.57129510446,314304.12069516163,324425.6816108604,332102.6226875291,332135.98295714846,338282.83937855647,381654.8793968968,445555.92626271816,466665.2004090415,491338.0309796671,503863.2092574944,512480.6806364325,532857.642456997,539856.3138332732,550591.7237603036,609338.9864698141,622687.015980006,664591.2072084968,689667.7913374281,725393.913934519,756189.5563414197,787519.4839081606,797834.8283928027,800936.466097387,807368.9177194517,825457.7919064881,862597.075094335,883342.4286052377,895788.2320984313,936806.4156079588,966880.191872406,967454.232487239
-992627.9571720331,-877612.9978058657,-865537.2689388951,-858271.6325340467,-855298.1802985658,-834338.6458487358,-834058.854294057,-824358.5975549003,-792080.584673785,-752476.7598038182,-721883.6334949653,-708354.4699181146,-702658.0270922044,-682124.0166850331,-642430.9134099456,-620202.8429269048,-600821.7133661977,-586202.5894728453,-514862.6541068686,-483896.53172819514,-463022.27252685383,-396884.64035273646,-388026.21584265283,-379085.80202365364,-343333.17221597896,-321952.0731075489,-319410.08424519084,-288085.20985427476,-282129.44792137446,-272695.42469889356,-246332.61364440923,-246155.51957163122,-212289.73130432772,-208001.20089665276,-197792.40504915663,-188328.17094258522,-169618.3507915698,-165746.70650034933,-124399.34948381386,-120819.23752431048,-119881.01144248247,-108793.9388134029,-103268.19965147774,-78539.59158669354,-76174.20357439062,-64774.50005549961,-12194.422523101442,12816.675187814282,13198.884549854556,43752.75433667225,45649.02203485381,48066.46604712505,57536.97971295356,57875.052189668175,70058.25599612086,92169.4558469092,94218.49637936754,115141.61215443164,127337.84205182991,135008.27386145596,151282.6603499013,152610.41341880895,153338.02571416972,157967.07045538328,171281.36499606073,267180.5250527407,326133.31441743346,327060.9626722387,343903.5891568819,357839.11482282495,364072.50336424075,374999.6133225595,386807.5782992088,436736.8717966676,442899.48133971356,447822.08196299756,454807.41148422565,478411.2787616169,494605.96648487775,497025.48069789493,499983.91782009834,505413.77772770636,536219.3643825143,537718.4685369788,544594.9335853078,587239.6909099759,615552.7337102168,621578.2390095848,635612.9070836182,693630.0038889053,708036.0023037179,728352.0711900687,806240.7692540511,828687.3673505995,845178.3834545065,864555.8237889211,882879.699768208,941856.592887585,977275.9830492586,996110.1885316516
-998551.5270174912,-998286.943242197,-993681.6514051663,-990722.1643495125,-980953.4366205028,-975588.814328444,-959200.6504333046,-957473.7260292873,-926608.4830167145,-859029.1057957083,-858645.5155052526,-815056.1460852188,-803686.9713871591,-713858.247010882,-700449.7055075897,-689187.5376327359,-609988.7017158439,-608393.0323522056,-557494.0933571525,-550159.1469954132,-525081.581546404,-487508.01544236724,-471212.6280166871,-469948.72475819953,-448034.8702579746,-444005.4802018221,-439473.5817511006,-426912.20615162724,-412847.19423200306,-401866.6911457067,-346803.38962711033,-325712.1203131939,-317471.4854813103,-297253.7592637454,-272762.12684859696,-267160.1896195179,-245809.1413383641,-243850.88275081408,-203128.4045690922,-183913.26503799402,-182317.27731390542,-136184.71667725535,-131105.82113626518,-87262.78639824584,-44207.84588599531,-15709.372251662193,-14556.049036399228,-8805.685310075292,4386.029230688931,27679.42596598051,71275.06499268604,75779.8809820849,120277.52308440232,130163.71731251664,135198.65198162943,144860.76022197353,154872.32610472664,196203.5227629363,261604.287366244,264720.1648620805,289487.20770207234,321644.66828911705,322925.53963782755,355288.2882527432,371471.8054285203,398587.41468808916,433918.1058038508,483028.44996972056,501912.0569564912,508361.3311028932,520740.0238543297,522280.2738618923,533857.3934460466,546448.0079904685,588399.5773844211,589124.7486782628,596623.7764754489,603900.938629623,613049.1143605944,618050.5781587046,629439.4978307625,648115.2325072477,669149.2796029903,670310.2147152603,697640.1844429306,754269.8048092867,767048.5628159661,790075.5949720845,797719.1616771743,799178.5439324311,816843.9985081272,873571.4446231895,883140.8697105325,888668.4394890659,892076.3942268281,907602.532214904,917459.6966673844,934037.5198574569,990206.027917194,991187.5512044767
-947999.2322576176,-924126.6373144126,-919620.569074668,-878551.1341843826,-870006.5899507299,-868813.2530403736,-863710.0949500105,-857223.863613694,-848867.1065261046,-845671.4759651613,-837487.8254620171,-830899.0274081682,-824460.0513619529,-820379.6791351787,-770606.4371818607,-738343.1803763543,-723251.1285802128,-661378.5009414927,-652091.926651565,-639609.5614975577,-630160.8626396304,-618876.700009196,-611186.0147502024,-590794.1943412414,-573531.6940773643,-555654.3708837705,-501086.7788925235,-498198.76485801727,-483695.8460752967,-476219.7227037457,-474369.07155694824,-429577.4209447771,-347703.10854767077,-327867.43472239573,-252501.63096712623,-244417.12765922467,-228945.9158335796,-224017.95045210875,-221484.86934299988,-212991.6557932587,-198202.498186943,-192618.37500068895,-157356.86711918807,-112298.00842956861,-111877.0359321835,-101813.32876038644,-61362.12360478472,-58011.518156258855,-57092.78531885741,-36650.37830830028,-23047.81584736565,-16952.390055760858,-14510.576235848363,12407.273410684778,28010.81348790403,51078.06933813682,76730.48485969519,112865.17212593462,115082.17409937317,138566.12561088637,182036.28599912766,186297.5639807859,198512.2444958184,204773.36286442145,221953.0698216362,242786.32706774818,274411.9791452363,284002.9004824064,287828.6014391079,313602.24783178046,390077.2461154335,418686.5227635929,424679.57245272724,426341.17558128014,440286.94607566437,447476.6259482389,483975.50817710604,548476.7777660117,560576.8283974284,577003.2477929858,607380.8101653359,609295.9799820457,610794.5689181972,615315.7691382971,628469.8105644886,666684.2431087487,666995.1777729632,668223.1170649151,670156.3279329047,770842.4957737548,788551.7551993295,792708.5319059812,802699.7074665693,812859.5249212463,820581.5731980004,887491.583468976,931737.2898597463,954917.5790463465,965178.4541347108,967324.1760676249
-998328.325095885,-965462.8622129089,-962747.1498911189,-936206.1749201161,-933864.7452253475,-894575.9417593895,-868331.0804722912,-847445.8290937783,-829265.8926139593,-793544.876064894,-778614.2541896977,-768843.7578120759,-762943.3358582567,-762288.8843226054,-726101.2418785415,-703675.5535783739,-695021.9657836787,-694621.4689299965,-693188.0387692356,-683907.4069038809,-673805.5934738854,-658724.2469234227,-613881.2198777903,-609684.8789760421,-531946.801846564,-517522.29697392706,-456478.89302075084,-428857.5355219459,-413635.4665118485,-413435.37933553546,-396403.090787458,-377601.6671403453,-349982.1480283061,-306519.4506210722,-303531.38608435274,-301933.05979014665,-285675.8746988388,-279303.3409963304,-276340.0460756944,-274134.9195671581,-270140.95012067223,-268346.44384714053,-233511.6843981808,-209206.04007950285,-176485.3130903499,-156118.3915546342,-133278.20758769882,-86960.5509384221,-85259.7407043319,-60683.55432339432,-36833.257816819125,12988.111733997357,30240.94534555613,66293.65974856447,95635.0632853068,155294.74101924407,169367.55035344418,212519.19525774033,230949.90954014496,264870.9856584321,290141.30479943706,304240.98308639694,305256.69074490457,328708.65713534015,340957.0129795701,343554.09819571045,361260.4162573982,381451.87838503835,392996.71313864645,402634.96674283035,418707.71815183875,469899.1291093584,470684.19725079066,488210.5660543083,493085.13298750855,506460.54797298834,517390.36203852715,530533.8280253892,575852.1027266027,590534.6392968567,618031.8775494259,621974.599406359,631997.7636502176,664386.7095057338,746651.0734412128,753308.3053713359,807824.3337909577,812464.1661633167,829548.1468135507,867091.9114277998,872721.6250327243,894652.6545646163,905986.8081832449,906712.0775153355,916890.3140314543,925225.3698974992,927808.0470939912,935478.1401946614,941930.228295007,993729.289335758
-991259.7629427402,-978784.7689542905,-959642.2266659115,-957256.011990979,-934111.3484508281,-924251.4588253787,-894843.8646812531,-882742.4896667202,-857673.8750940562,-855565.6711118662,-853608.672651985,-852080.4410787725,-827603.3051964766,-823594.1448847095,-789937.1245980603,-756069.8252236315,-754543.10082506,-731858.4247842939,-728248.2269386685,-713980.6546228847,-708693.4710623611,-685533.0755484526,-679718.1586393355,-614340.8276317294,-593638.7620076106,-489425.60865586036,-465176.2629700145,-460098.39325221,-454372.4680873167,-433901.3718267904,-352673.9661651972,-344868.01994884026,-335730.4490361464,-335083.4878661344,-293271.28879007103,-218404.7433209517,-203720.09498519334,-177243.11299720895,-148795.47638399876,-116390.65792802186,-105049.68399201741,-62784.97297765687,-57966.886387142935,-46030.51393262495,-35442.383647331386,-31643.391809294466,-235.50304884451907,44028.66095242277,60312.40771475108,149903.55796143902,153032.87334648217,154419.16043443885,154598.6217309516,156157.51703901193,162703.16452420782,192584.51593152736,202106.53316602483,205293.27847719984,227483.4489983276,257371.51390925492,269383.6299277614,284452.9241941124,285369.17840358056,310360.3850478621,322473.896484199,325147.9523438676,334035.4194860188,336371.96668216726,370350.5430733019,381249.1142476606,442811.960228482,452413.6745765575,505306.54780163174,522815.0974890664,524130.23021142394,598484.0414315185,600779.3640584298,633507.1501192274,651762.1487869434,683431.5010706892,684914.7173981604,689468.1697271976,706539.9376165986,748832.2796752548,749065.2449057375,752554.1772280794,776940.5490928034,796317.9133878895,821875.9662895545,864940.8973454677,870941.8100863653,871773.8312820899,883735.0335961056,896098.3688762372,905750.2908210156,914374.3952423257,915683.5341942857,963271.3064180084,965886.5249458991,986306.34682311
-996493.2711099028,-886721.8646424799,-850599.9043995931,-849948.2584777691,-841327.071489732,-839752.5034716274,-838356.8493353559,-783697.0497191526,-757450.9867289336,-753398.8129069895,-740635.3420877423,-722200.8985195061,-719862.2541101329,-683020.828962347,-673808.8759682593,-668463.245916676,-666892.5579777521,-645639.7238984281,-639768.8279178904,-627161.965761277,-616186.9944739891,-568758.4835890136,-542889.7287686984,-487229.67283872486,-483771.8588206426,-470523.225704439,-450945.23080213997,-444247.7364890573,-442289.193055462,-436772.40724151465,-426373.4617679586,-398772.34367041045,-388165.7357352179,-324930.98343403055,-305743.53665431624,-300979.1081565793,-294867.2691909749,-285363.5652063597,-273087.217466441,-268649.34126630845,-265102.0587904223,-153442.66050770576,-125686.04018490599,-40443.53055378422,-33334.91587262531,-29414.622343456605,20258.87879400677,22002.158512919792,33051.14634306403,81657.74582686159,92740.67189265904,95282.5823193863,108275.45604072209,114817.20822772011,134240.42467502295,233102.49527585437,253680.12989237485,290890.01075749984,298742.9761115806,326888.6576752248,337121.1787545453,348887.8441034844,349130.3326742195,374233.1701284016,377015.82219244353,403933.34848320414,404195.0824396091,482406.67684462224,484382.5310494674,502873.6270432023,558985.4912910396,574624.7111801491,585436.7729281134,590001.4803688992,594382.5300039211,602577.9387638175,608692.7516971305,609139.8184190581,616319.8798785354,628103.5297351927,695101.807290795,701626.5093616548,739695.5913736569,752212.1623702552,754488.4053229163,781160.769755326,786088.803268285,813758.3178418076,833836.8682494813,848095.2775848145,861738.3019985568,874860.5463328827,878988.1998762898,890011.682905541,890951.874422522,926006.1895114062,959711.8541727436,973909.300847182,981991.9880535,990550.7801735783
-992468.5535728055,-970565.0937284036,-954720.45292633,-928225.9821609835,-900925.231004369,-891583.8927865702,-887401.0254364506,-879323.1872514664,-864658.9584331263,-848878.5616696062,-836868.5905868867,-832998.8840033521,-811473.1637045931,-800404.2620229335,-757100.0228415425,-732267.8242843585,-668997.1010593751,-647474.300007507,-647202.2889643367,-605219.1008150398,-580304.4331404956,-568051.2445469963,-556171.9922382449,-545926.9909358963,-534816.0943753719,-484610.1366715394,-484033.9479726079,-468916.88925449527,-455263.3210726194,-453112.42275212216,-432359.0982779162,-415564.23618017475,-415039.5980111979,-382597.63335083367,-344002.03751972364,-328948.3558582524,-323115.50787547196,-301652.1071018197,-299503.86974694894,-292458.46297803184,-287614.16687115736,-264852.36981852015,-246608.6221550661,-239117.3052409332,-220090.84898200037,-212821.8491584484,-207888.7357857708,-161218.90943371772,-105947.72560766991,-85556.86668058706,-78932.17977297073,-52151.44723739545,-39623.92311365588,-18806.67534968583,-11129.541116894106,12143.511945295264,16895.313107837806,40397.206113251625,47054.83104657545,80345.40389313945,85856.12290046783,89127.33201736072,129838.89093316835,191340.2606292686,212386.5915134328,213964.16871809354,219923.33397060912,230721.06013169652,251244.82580973837,256063.36508116825,257642.87175837602,363070.6240331507,375425.82786934264,402649.9477911042,440021.5865258614,474251.238870393,519862.71070455573,532013.118450714,555503.7685948438,568493.4064172239,593752.1835880836,619504.5465314633,644983.9963830947,698191.7577254479,713426.6081549157,714317.1306078343,743018.2692415032,757434.1193010742,778849.217293326,791673.5547642722,801700.5926898827,809074.043548946,821637.5644361323,876155.3868450206,902675.7174368647,928785.6709319579,963179.171342076,983925.1347126968,985773.3636703675,988374.6484980751
-997679.2974010747,-987069.5205179487,-971157.1599608568,-965992.3137811404,-960167.7543807859,-924522.6156009856,-913851.4009801126,-878627.8328135042,-809323.8703369279,-802684.3084436195,-797564.4368576795,-774378.2072104681,-765101.8059551304,-746241.3246007542,-742601.0521433941,-732923.6532029305,-721959.1167015336,-711388.2854503919,-707644.1312760315,-644274.4464204193,-593293.7336017279,-564518.8206991162,-544675.2797325465,-410359.1433057465,-399591.6674907622,-387780.7379090326,-347847.14960275753,-302771.4155446796,-296868.75991156674,-266728.4300943733,-251166.17269105325,-243864.58556912257,-228873.43180304498,-221162.84650159266,-207490.38795668934,-175362.21468793927,-135062.3401608091,-128013.18221327977,-91888.2304179176,-87939.70359303779,-78976.86552584474,-78324.95168994577,-54486.53528624645,-43813.51215413725,-41067.477451931336,5484.094535771292,32256.822342817206,38288.40546464175,53847.68630055408,55377.44029270904,78759.69230656512,128247.7535936446,137122.4303569654,182289.92830675165,201671.5368995429,222466.84859072277,238286.09809140838,265571.03966475464,288029.8453841484,299645.51506619575,330619.20940164104,337967.4456577047,348733.87956171855,351015.924363859,358311.41479731817,376252.82729156176,410132.65861886693,420331.5064493669,432085.29647487565,442154.74276806903,451943.95147509547,473451.2385774632,480165.82360536815,494495.14770697616,511169.4203283496,530253.3437151965,536819.0113330132,543429.013258152,572896.5575273447,584278.8068751823,606166.5005859018,634730.5452713165,646143.0219351063,670917.1793774606,697308.704770922,707401.8119547227,713773.8338341103,717464.8997223745,721145.1483039656,774107.1047559364,839602.9890674334,855434.3709153691,856162.8502824828,873712.752407422,878802.3446553005,894585.1203554624,911379.2641613255,944659.9245756054,982802.6685045206,983047.7778017116
-991324.5422263701,-987045.6479377918,-936807.5455765667,-934521.4409830336,-923237.5106170303,-922747.4133779934,-917062.7376852612,-894754.8828457522,-885920.3285537281,-885419.094317738,-878585.1208571929,-866566.0141288291,-858417.4841096294,-802200.2042087705,-788998.0143014058,-782384.9579428185,-766149.2607363159,-760223.9022023003,-745591.2397732822,-743661.1678357943,-732183.2818087271,-679725.2334206203,-672019.3002404091,-630409.7164924325,-623823.670791299,-604467.0839474208,-468231.0725585759,-463751.29553074413,-458640.91902240925,-441427.3957716464,-383890.21311398677,-377037.27955333516,-332570.7872968642,-280119.0823840791,-271321.31080358697,-271009.98127641657,-253836.95974332723,-245219.82355358254,-213130.305054434,-180574.34495744132,-171970.7197399767,-160082.3234123037,-155484.3009838165,-150555.61056395608,-135385.58560032118,-132711.2353138693,-127846.8940750208,-116894.04603253515,-113149.2876326621,-61578.877533236635,-47508.87618692685,-26740.572716073482,-21882.287929833983,-17519.31692270434,-8407.28120559908,-4865.619836282218,38545.55631946365,61585.310369540704,72911.61402296042,125461.45919560385,136051.22720012232,152363.5705102021,186131.5015034168,194583.77573879668,207907.86380557157,252469.05999139696,267914.0072019128,326050.48318876396,333811.23504646844,341763.8167748528,353568.3670381021,369615.9387560722,403195.8253323147,473352.1752222285,485728.3090642034,498652.796783868,527289.0369925178,531319.8814309363,541196.968926629,600683.4336307726,602214.1510308555,615507.4171957208,635721.522621756,655226.8881608392,673112.4785651695,705476.4891132789,711525.9890961784,712814.8341663899,716983.4515460937,748501.1874232672,813538.5800062853,838942.0344773573,871688.6955318779,879519.7982486153,891035.1512117772,916751.0254176196,924859.4030517929,942859.1047865772,978096.5397934522,993689.8835271199
-999383.782578666,-993041.7267745659,-987067.3905874674,-985709.6788573378,-946197.6670592658,-912651.6161633742,-891120.5036142855,-876689.9270841604,-865457.1224111354,-810062.5274036932,-807979.3739923367,-791233.4067721416,-791051.1926988597,-771576.1992008649,-754643.2821962967,-749874.8516313038,-717609.903403268,-712463.9408429387,-700556.5355653255,-637080.19191113,-628125.4135196414,-590998.3163056856,-567979.5111348084,-550729.6000791723,-544202.1203768639,-467451.4146024615,-463756.2393003667,-461057.87320877914,-454708.04372562945,-453398.8325367302,-449500.442392756,-449478.6835826958,-443849.7608189853,-419794.0229051374,-418715.7237027028,-396255.61192648555,-373379.55087472,-371592.44663188024,-371046.2876904699,-312277.67427505285,-258006.59677545656,-222746.89134357148,-192043.91067590506,-175771.4920527595,-171841.8626836025,-161888.09417455178,-126009.60127015354,-80029.5217981966,-67508.34778898791,-67010.42366110289,-54065.69626630773,-45758.08391755202,-11818.324791220948,-11591.034176647663,-3737.779250131687,7313.2152309252415,8823.722185734543,24757.446847760002,29165.942905255943,75580.26867661043,77410.10353454412,84583.56608991232,150542.75993694924,167857.3927206332,204728.66610744828,223415.41809137817,235774.61368303816,287539.6603399862,298004.3845638428,335713.28003851324,366949.1178965466,374924.320115526,377548.7593570235,383605.26162106637,462672.4486584144,490494.005160589,496151.69002842135,507804.6133325407,517938.92602518597,540828.7707424867,561144.7964129194,573390.2205854678,606616.9716341961,623136.7723390711,626064.1119304374,695993.7750450561,715335.8452890331,780031.7568262157,788194.1709275241,793164.7190892957,833902.1171183863,841288.2786848748,842760.7562393663,845260.9725149847,848101.049518388,876474.714648362,884441.993636891,903897.5595695721,932129.4463043569,961229.8311088139
-989923.4936991839,-989312.8131808985,-950540.4384106892,-943748.8816708237,-918838.5892371684,-914494.8886511666,-885525.7401482604,-882229.1735502601,-862548.223121635,-859454.5411940075,-815747.1915420922,-800517.9294519314,-799876.5074804474,-774315.4210012874,-761111.3208810105,-753291.8231810885,-711288.7478866439,-710187.0187309866,-627758.8594549408,-610320.8451065922,-606053.9045949302,-583307.7231031661,-580628.3506497369,-565928.7766207785,-561684.2299681793,-485225.2894273874,-485102.9188887657,-476100.5565228575,-474242.88613392075,-472358.7372790454,-443220.8028790549,-424440.025014783,-414467.9830181858,-402513.7542613653,-383210.21282750857,-372040.75760838704,-363533.8011179825,-361582.84253794595,-344098.04610338155,-333439.75091388135,-315836.36503349605,-314962.0926063241,-308519.6346416632,-303199.83415386104,-292474.9652503707,-280973.93302363984,-209008.2702787663,-168284.41381071333,-164357.8968234209,-134030.40094371606,-100139.34730370017,-99979.63847841218,-84777.69879824936,22571.27935607545,57982.153447147924,83556.39497685316,96078.71214912576,98946.54867921863,111331.4097295294,172342.8055918098,172724.38607500773,176625.38909909665,187888.92478301167,212851.75080896355,217047.888974539,249792.59645583713,259831.86689605983,264060.91545038973,293663.08587947,303164.68911731197,312779.7716209439,332998.3108748747,390741.520791959,407396.21351071727,424230.1601984273,434658.2876310011,439092.8935915851,469928.6569894743,497622.4638558747,572325.6580001535,582524.6084695074,613790.1624066762,629690.5802516325,637730.6874277696,679339.7412887947,687086.363533685,707908.8126376497,721102.1362797243,729718.5584064908,730642.6812522928,755303.2832713882,764929.1482399651,767995.884652351,776236.6842252889,802708.1331323343,859684.5359688657,893372.2181582509,915608.4545618866,992593.8396742095,995851.693008932
-986981.093137035,-985391.1990904094,-984607.1736332626,-940808.5482701873,-884052.6426580308,-795707.613209857,-794942.8170118555,-773306.4021080678,-739149.1254228166,-729333.5986278235,-655048.6316875283,-652554.6969035405,-619117.9375584249,-605553.970012076,-604511.1435901249,-595218.1197690608,-586384.2504614469,-563934.6819454422,-562867.2620563211,-557814.7057632841,-529296.9924498496,-510637.5939528418,-495800.9467958655,-482959.2570025707,-471400.8673747772,-455063.9367669398,-448864.7425803733,-408113.2548662602,-400080.8213127735,-335036.6542370542,-332085.72204364906,-327158.99759272067,-317825.5242188759,-297002.8458405682,-286328.98810266936,-260634.17749671952,-256021.587299385,-244425.93173787405,-221317.97772909235,-215829.97176858876,-186728.3860502151,-179771.84854828555,-139548.264449417,-133396.28986722743,-117569.39801947656,-97996.17837702273,-64184.04409837036,-7043.225246614777,-1213.182708772947,11091.825257146382,11836.919490088476,22638.158275034744,70131.84613126377,104164.73815967585,115613.31298062671,116491.03445576946,125810.39476414747,128845.34342490882,155009.88298057113,176158.78491176735,176667.92783211474,183745.2697104339,240497.2847936803,263936.5946478506,275255.5980072033,297543.0075091135,338168.6807029154,364127.24100907287,380148.8105244306,401956.07465708326,414317.4600823745,459752.2470048298,502687.50538329594,503869.1393619161,515097.563261749,519660.3511252934,523979.2107855058,536953.6956816621,549108.2108157836,595901.1583859811,628223.7492681819,631226.3745666665,652733.1439461249,668501.0259671782,689331.3356927815,698572.9999511484,712734.9582628128,714180.1545671087,772958.0428775877,784970.8887527569,787747.0857353928,805143.3135589359,811708.0856622271,827622.711477078,850953.917506936,888342.4971027628,888754.5818734609,901335.9811975402,936815.1896095462,981668.6870025513
-987686.0164289818,-987556.9647775108,-968552.1165369782,-918712.4574347248,-918531.9572663686,-908867.5624778944,-903398.6598878349,-870138.4716635332,-862551.4421572731,-794418.229711854,-785406.3830088845,-752796.5976688992,-734523.0638937718,-728141.9129418101,-704212.2111949689,-640618.8418884268,-638512.6724164886,-633096.2271423686,-627178.9060706163,-617576.9436721941,-598842.4306828568,-590175.8575251978,-526293.9218595066,-498758.2519491216,-479283.63693859376,-461707.8946910191,-448692.2345659463,-438536.1566685613,-414117.70147488243,-413644.59141885117,-413298.6705854696,-407708.2452340099,-375064.95001701335,-342009.9215729742,-288914.87010787055,-213175.56477940828,-204538.17811769003,-194026.39126548765,-178261.8735607448,-176486.42303081544,-161947.7194619776,-123169.81777303736,-63933.35598745709,-60129.182139738696,-48018.82218274509,-37975.75988934224,44723.472600767505,47334.90737827786,49484.85730296164,56713.67790334183,61375.41246685665,86827.94148695725,120877.92540790397,121981.32348557538,136898.47729346366,137630.0646876227,146326.0184357802,158013.98201355548,168650.2385696571,170661.6470630227,186568.56005677744,199591.81538457284,232246.74308949662,258390.9838937656,267528.23922836804,279804.5621105998,282451.90688988287,313564.8451553979,370373.18476909795,376695.921307815,385984.7980762122,414062.3605271857,417491.9368154211,432268.1323280344,438369.19612199557,439262.35335704125,441334.4166473369,471611.71258949605,484567.1466089296,526270.0282249253,528515.3428447975,529868.1668569278,542222.772478472,547984.3277327379,604085.5968271939,666469.5390344807,692327.4093624114,694113.254851853,707660.171546258,746008.9675785685,839256.4039218875,875239.6243000976,875414.0251607473,916323.4587133005,925153.4806563121,944064.6268522008,951336.3606546405,957996.2050183832,964132.3945973925,999237.7426789124
-992621.1168495214,-972023.58925441,-959101.9905749651,-919613.5675276287,-914817.9985457738,-877688.1291486463,-875431.2001547158,-814705.1413282284,-776782.9609096923,-756380.1554539878,-733755.1579628112,-701230.6967298114,-699749.013019871,-695814.8292437043,-674947.0407649952,-660711.0034830419,-650863.7544548217,-650364.8285445607,-589143.6288791896,-564600.8311342692,-560351.1211820687,-552531.1290640633,-550697.4182242013,-543796.5608934376,-542204.8843897578,-502447.9174583447,-501850.6998829677,-500635.572126791,-488301.0501583143,-480245.09242288116,-420637.60173995956,-400489.0870065611,-373002.79171678843,-369142.5767049204,-361543.331729667,-361127.8465580767,-345607.06017867243,-336848.82965726336,-291121.5465327102,-276954.2330182962,-259599.5857879303,-256791.59427889693,-198425.54360494285,-189868.22953539307,-189217.3807579853,-161898.96349352843,-155176.80196792667,-139568.3778776615,-135469.74186870072,-129461.7961477515,-113949.4971962804,-91268.08192086464,-89637.84306430013,-49098.5846023371,-16062.155823413515,-2050.117361468612,1858.846475481405,18382.142785339616,47100.614667137386,52849.906958385836,55031.63729425706,129913.09363525826,208202.9494465578,218155.78107419657,237231.55592770595,241036.44339038804,272895.41980090644,297379.5444073181,317462.5980331905,338687.53210004023,374315.52590574604,395577.9423714124,400494.0657808224,469142.6197312854,473946.08738314384,474697.0389139622,490144.51164514525,500848.6427819622,558154.2080031182,577479.2845309973,583723.4243975107,611680.8357021194,621513.5240444613,628479.7985487215,655388.2479478149,692702.8091401309,713875.0805422193,751075.6162283227,753677.2682343724,771818.0532830283,795929.6982910619,807775.8982840639,808849.4972478191,819146.5239738114,844800.8805115183,847345.332901442,876429.5954290454,901384.6924445443,947462.2510958659,967366.0475922071
-982519.6799142029,-974163.9446286552,-951289.6065000367,-944792.7093559165,-938505.5062823396,-914582.5713127654,-883428.5730492832,-861707.7449949009,-828475.1461071898,-826579.9135876184,-813600.9449148931,-809839.791222599,-782938.0579322365,-773847.7324991846,-768667.7784727218,-768381.7271047566,-745623.649061185,-741271.1845784732,-705056.9492051129,-700251.245897664,-697481.125944905,-682792.6623617024,-671083.3579637683,-656748.8492147307,-643398.6801065523,-600198.3620563166,-594810.8946024757,-568927.0238177476,-559627.8338664515,-514940.9391110742,-514708.9892397767,-499243.84084807837,-474978.8348771238,-428607.6126742144,-416067.22784665134,-362686.6259052985,-350926.447893279,-323122.5696088198,-319130.0550126119,-281118.7618242897,-245876.41368544835,-189511.21473246976,-171561.21746141184,-165492.31204072188,-141048.14217983023,-88722.50782914495,-73423.76348429266,-56194.675291281426,-20443.748466089717,-13465.805965660722,81511.10939480993,93843.93243492604,109565.9132342888,133996.48882050463,137956.50265453104,138040.62602399522,184199.65383236483,205479.8187421658,252474.63355226791,268900.54314460163,281585.34469279647,310190.0183118256,318584.5415678818,320788.79100251314,325841.3391386687,347857.415708008,353629.59117598366,372689.3786497908,380889.92657804163,391146.16526064207,403787.9422628202,416407.17250592494,420499.286232722,420642.5796552433,422876.4101183661,424845.855163699,486093.3533024865,488597.9020988301,497713.5290384386,585547.9330785428,598957.007856563,599671.0136488082,609855.9652587115,708963.1019240997,713020.7790521774,720112.0279372274,740895.2284477595,746432.685131175,804234.3364204713,815868.7154276778,888493.7668491204,891697.6051582433,897412.9606211784,899789.7864493416,954866.9513306147,955906.1045263789,981850.8268598595,988335.3238815039,989179.9747751958,998707.0260865726
-997244.3578667695,-979637.8960836028,-929545.8645079464,-913450.0824720757,-909801.7371058951,-893213.6215809503,-887420.2285516148,-849623.9076042224,-812188.7554664721,-793155.0512472533,-756271.209991561,-702820.8466699739,-596905.7859949629,-584829.225837827,-562582.6307780881,-543606.7088243051,-539254.7885875021,-508147.7039631359,-504244.39108698757,-476886.4017146148,-474822.336030251,-466199.9863046231,-457485.4394430659,-449474.41418144107,-442570.1345061397,-421823.63318140886,-420089.2934703204,-399103.33756974374,-368564.23520889005,-356895.01542782807,-334718.8255845412,-313302.0174234804,-278303.06346871576,-271039.1610899501,-261818.4586168246,-199820.68240861478,-195397.8461559316,-192410.3104482626,-168322.000698808,-139458.15260222869,-128994.48076783156,-123728.12168516219,-104742.86523979169,-64953.60482103552,-7595.800205706852,-3036.6226151994197,16737.150896698702,69008.0499378338,110255.74980607955,117366.89509824524,118362.2015654943,121066.62889350881,123372.86790293711,141453.91912879492,191039.52612800873,208896.11023717117,214061.8831180348,232111.86901201843,233440.8593416505,236914.52283114172,278043.6639321386,284343.630968245,284649.1670179223,344183.7499331781,351194.7351514462,369856.0068066467,383474.3388268796,396136.53341019107,396811.3000622282,445640.81599832396,454234.67298406316,456663.5029100217,496889.89050786034,504680.1869817772,506365.2424380467,512662.96289786673,550384.7296541382,560744.5953228343,573115.451148507,595235.985448475,614583.515859243,629017.8093743322,651469.008466423,674961.6172842698,708657.1499485511,729528.4827005698,768851.4769770892,788013.3894758129,805994.4383874177,822256.6772968282,838307.2558108014,843125.6497908307,843415.6089697878,878341.0494490578,928438.1148821239,930858.4836249533,935940.0532767181,945410.85542024,953086.3290977103,998651.1628857055
-920687.8546638034,-904560.5117575047,-891271.4715744918,-865105.7621566242,-860079.0155291623,-845410.9115071411,-812723.3323645804,-797239.9204571674,-744364.1897422879,-725749.51948817,-710401.1005426841,-695759.8337508489,-691078.2016860382,-683096.1978470111,-664624.6539415583,-655696.4094031679,-628485.842561254,-603166.7691779775,-597743.2311087567,-578522.3276806957,-568059.188054147,-553527.9573847197,-523442.1901582407,-521925.496899065,-504817.64428274654,-496061.4204900062,-493231.80838851567,-474823.40755163133,-464199.4218031644,-459903.6896647924,-426072.04167390836,-414351.26247800945,-342719.2802636707,-341146.88492863474,-338053.0740733956,-328426.273044272,-323614.065884889,-290651.7803083346,-235734.8104178853,-211827.17340410105,-191247.7367223457,-144637.20634259982,-123483.10726695927,-96147.56559117942,-77108.69964509376,-75855.78010554018,-39153.52364292485,51075.19848745689,56673.47064891644,78541.40969112329,123118.68244190956,144955.10201510717,157650.983472137,168588.19702950236,177569.71756957076,203316.7939925266,206393.40340931783,220844.13243738934,244226.40370288724,255012.69155579037,267383.30988876964,301636.4248561689,311553.9218836189,313213.33324617473,324739.6307230869,334623.9069514682,353416.9532092463,353504.8678321731,362064.9593572046,383956.9951703737,402457.2914615888,405889.96753691207,416230.9708239867,432468.97571766237,443996.98320706235,471108.9318735658,503414.0059451072,576914.2535310418,595481.2082028198,635852.5891048361,673679.4056417115,681919.4717247207,687741.8460928791,695620.6850640613,700947.630581957,708771.3015784658,716897.9969895065,731249.2949168447,737471.8677209874,758736.5875928381,781613.7039701904,807044.2239085117,863036.7617474154,884816.1684575633,889134.7845112975,908529.7661850962,934636.352952909,936005.5116158999,947255.9801109191,992480.732460431
-972021.8050996877,-959717.9805098331,-947520.5047256172,-907776.397651977,-894739.9908457645,-888812.1113551422,-865174.673366331,-810029.3250506371,-778765.2199732258,-745329.9358812649,-738420.0036180797,-656947.8758757068,-636073.0584176627,-615449.5587294326,-607943.5980219464,-605668.6808088447,-602842.4840766087,-569679.5158493704,-569579.2029454065,-568141.1710263193,-566385.3590479586,-545055.3111979603,-452800.3010854167,-402341.1070228884,-394195.3583425138,-393762.65545568673,-384908.0104136617,-347150.9094253053,-309483.0334559175,-300528.12709254643,-267852.9280300479,-264049.7249118625,-262960.1541174818,-251602.57412639435,-248847.7999365708,-204141.736766311,-171675.3616013052,-156807.99014457874,-156023.67574823892,-155405.58597544243,-152838.6141346083,-151086.77024947247,-138425.2005796762,-126229.02175034012,-93364.20506367716,-72448.50053249684,-62959.72752009088,-52470.03051679884,-45729.06873482396,-28266.153031214257,-23306.32233999786,-19960.273115144693,-10951.843313783407,3278.9472705938388,3965.386277036625,30640.392533786362,33480.29071760306,40644.75164257479,73437.74328908091,91713.46089309268,96166.57671609218,153791.36636196938,166260.44208159437,178711.75028360984,191404.02649398614,269339.4525847961,284654.8731914896,314218.0467793357,316818.7090757487,333662.1357981886,344975.8720189759,355322.9857869304,485457.9163482117,497369.2260379442,552811.2761350533,579755.8445379715,595242.04437558,611050.3257198294,631178.0330414576,697030.3788998637,720556.6128411016,721874.3040708357,742826.4474333753,746879.5232731898,747193.8265713092,756398.3339734538,762922.0646707073,763507.1072650212,810675.4880444135,865878.0177383537,884680.3915531957,888159.1117454439,915391.9193884158,916109.4818674494,916438.4657067098,920757.9907075707,931145.4316606198,957790.8078392439,987136.3909288445,995281.0728251394
-984451.3092920275,-945163.2101465921,-938858.054753496,-932255.7547502677,-928064.5451598113,-887600.9499216266,-843635.5959383643,-772348.1670942262,-761514.4950845279,-755077.7549278254,-753350.3930767116,-751904.6867770394,-748224.1029177888,-748080.0870677313,-704788.0364672572,-699392.7277444964,-694988.8632022827,-675077.6488511381,-661249.3864073176,-645957.1315971175,-643190.3576980783,-595558.6934293762,-594069.6005157479,-586306.1798680939,-558905.1199400253,-534443.0260694625,-529761.5110157472,-481441.85592276335,-468235.8403577433,-429487.6177514328,-416651.03557322803,-410224.43156395934,-367064.0377587954,-355628.58931684843,-341800.9692861686,-338676.4229495489,-307415.69034319906,-288565.1142742125,-279633.3141198588,-238765.4318202705,-230134.1638066012,-203301.28827909543,-192055.55664103315,-163291.52962027746,-140456.96257614554,-86561.8469629956,-84498.94542129163,-37824.812437369954,-32938.39448845491,-23843.513507734402,-5818.335047185188,-2486.588203711668,37734.07970036939,53968.17941098497,65745.8509713714,71167.12596614147,106671.45576520893,111403.15216163988,116640.25621588179,128742.25180050381,135687.31718624663,174777.05866809003,175449.9159687641,185986.09945215913,217504.1611629771,219138.56827668822,271020.89368425356,283412.2582226102,291493.69076213334,311598.4176003868,316745.1370253661,317807.97441155417,317971.8752996761,335331.79863501014,376602.12759066024,465932.3962383454,498374.4267430387,500740.13434608234,505605.92969232495,562974.4275138406,585430.3189897246,588319.203191027,590644.2064400269,645443.6989650121,680465.385963907,739569.49615636,762087.5428301285,804201.3403157736,823912.1950811807,838531.4587932837,844296.3843444092,856561.3133073135,858254.1212641248,863279.5230468416,871881.0564941852,881359.5496463734,892023.517638108,922370.8704655061,945771.4685249943,999640.787745185
-976030.7814979705,-960440.7076189467,-913973.6814836428,-897630.7073574279,-893051.8417311659,-885879.6858496745,-885366.5062376847,-860177.3500947498,-851286.764041675,-831020.5247894346,-811433.9611196744,-798317.7246822346,-786968.2149897752,-777917.9247385552,-710215.1687577392,-630392.5296011139,-608860.0305120803,-578498.0508017292,-550700.9897877183,-519818.5767162999,-477860.6558678882,-447085.53768986836,-438652.2501476533,-408397.78146774555,-381654.3034738797,-373297.625425425,-350706.0998150635,-343994.24029925244,-338378.0215719716,-291667.31780455785,-288792.20401838014,-275919.46846391435,-275706.807755786,-266273.82149717514,-249816.89503408794,-222869.13924075163,-208218.30105058954,-188704.6141752007,-173616.57899891352,-171665.0708598944,-144107.09134904877,-51038.4895527676,-34189.250037841615,-12885.94793490949,-2866.559801653726,1970.5328607683768,2122.6461022109725,3200.0696804166073,4849.27181523398,14364.07758421998,27609.639556102687,30522.534756115754,31845.245479567442,57324.454857163364,73069.64352703607,109343.87557586771,119068.74845865369,129530.13359653973,135885.25694089197,141716.43403061782,157435.1169801636,163570.0076637366,207345.8808046535,258218.13183928537,356313.4854081676,370130.0673043616,403558.0333551769,405212.7466037073,418448.72801157716,443741.39509124286,458663.89126157574,471763.02379989135,496759.34566762275,497128.55638264515,503566.2080529828,528673.1380724928,544737.96486881,550081.1809821737,553886.6234042996,565244.7781620005,585719.2802322118,592817.2161237625,598338.0376014828,623155.2968222715,648359.613176441,701537.9172666164,711000.2985628482,719563.3434844841,734510.7756824053,750781.7398251616,770609.4554449422,775366.8689421776,797975.8706558337,830686.1672670662,833446.5138979389,852358.0639050221,882728.099547331,923259.5108716469,930839.1414783245,992079.7182867681
-996653.7338884427,-991293.9451107077,-956685.8755263325,-911193.9440886155,-900152.7050612941,-840357.5683836286,-801740.9163002522,-791745.7114785236,-790776.6424932092,-757953.3721733973,-757543.3549754757,-738796.0114703206,-674839.9313974134,-633094.6382723693,-610708.4018133318,-579513.2768969387,-520835.89543310006,-517308.34512606205,-505088.46541611763,-478441.29272323067,-475267.55449747294,-435057.18277373724,-400010.296245483,-398682.52848866745,-386495.48793873994,-321942.64222889754,-289792.9686402329,-255480.42218980065,-230159.38620414294,-216748.60247008665,-210781.86293430836,-164553.55468316493,-162107.29925338074,-144553.33842742757,-116979.43977912504,-87325.93323885335,-46730.90910712525,7758.359131048783,18181.68136330822,21656.91273711517,38847.97549433762,56457.161213434534,84844.21065805852,93518.65790408733,113026.60444121459,123287.16720855236,142541.38799164584,149693.00797528005,174909.50158089795,179524.64846952655,190543.01784752263,193851.10156797618,214555.2629579194,221240.48538283957,240418.28783617797,243199.1534602868,247508.16509958822,264533.25960410596,265750.9639140393,281718.376534336,414100.9709328546,428711.6360379909,430575.66042891494,432552.49054346536,438797.410842136,447870.25429046643,450253.57354536327,452192.92144079297,457127.07288260246,461060.6307549274,480960.8029061125,486008.70573340054,486055.9556775328,500060.6685660728,512940.3654373018,518946.60693574,528014.3910309148,541390.7977388189,554911.8174759974,613782.6709745985,614859.0163060883,664118.5614551348,675617.7496152618,682738.517261676,751874.5195655993,757388.9179204719,757798.7409488475,758910.511508526,764105.9200686547,783964.5200842249,820744.2461029363,846927.3598901136,890567.1678268802,901702.7092386945,913742.6574971657,917463.4205050105,940625.4414810033,945055.2226677716,961492.208019475,963570.0044154979
-989522.3585494908,-979911.336988403,-969202.5038175667,-963952.7908961927,-910703.6735825818,-884629.4623362225,-856136.1161203134,-849729.9657164343,-849717.5057762701,-847168.7652286534,-793016.1126256643,-769562.2890521648,-761719.0529069623,-756760.7386836015,-736477.8870302383,-708233.844512644,-701513.6575539118,-692687.9029873859,-689049.0059323622,-676533.3985023797,-664241.6305155947,-641982.7414919506,-632743.6595785392,-610378.0839667163,-575843.3071047752,-570478.5470776472,-568522.1001141767,-561920.9867464516,-561426.2441900024,-549315.9856941081,-525115.133469231,-517557.4616536869,-516194.6991707662,-473050.2857862138,-458346.5412353369,-438747.9335779465,-416681.4687432876,-392729.85177363106,-336667.0863607117,-310838.61068501184,-306871.1439635081,-264447.1054698529,-262033.30794390943,-260484.1589536675,-258637.8967666492,-248811.8612232944,-175357.33310879255,-173207.0464099074,-160062.99198784935,-114537.90213615273,-114435.97176358209,-106604.53588697361,-104144.47598843207,-82066.56087857462,-73429.9405418355,-64033.02157759864,10026.06617089489,40689.12139097485,101586.35277821566,130153.59331225627,210458.04697733978,236097.99826936773,236504.46718536806,236698.79156981967,256424.99367139442,266292.93206810625,280321.6641500327,289939.4046220179,324665.5390615689,336823.84649258177,347614.94094589655,371260.41709432914,470892.84613762493,548506.6657472567,562801.4200441386,591759.6107647533,621707.8269665595,623007.584272184,644305.327537193,669028.7388508038,671105.2222829852,684691.053002788,685113.0972726941,703622.0567702823,743605.6842476418,746798.7388974931,761588.66917029,771624.5601315037,800727.5412927857,807936.5245452309,810744.7982792677,839026.7084292229,856878.3376838383,867207.5934038621,896638.6794399419,897314.9267232954,902213.294217773,915071.9662159465,988771.0537513874,990161.9594266727
-947937.3617381366,-941967.6402150459,-935795.0423733119,-923521.5184914911,-887094.6041308008,-822755.0292189978,-821200.4108364193,-819658.692004408,-772531.1571766038,-767160.3520987367,-762154.5316972536,-751436.6020747871,-726270.2489907856,-715970.5103810083,-706964.6533376836,-701247.4420214994,-688506.1228418892,-650772.1942461894,-631213.2226986059,-628314.6906819483,-616678.3598554765,-609124.8606711708,-600840.6921082097,-596194.5301790177,-564615.6161702857,-544180.3788181667,-464114.6470749269,-448371.7849343625,-428076.54143660585,-422922.38586996135,-418968.45293038303,-407045.69896328426,-382823.95638954174,-360698.81210912263,-357304.8901122677,-327837.2529729599,-304416.1503459624,-287207.8482766863,-256591.3789465204,-251334.74072414043,-218146.28261330852,-201952.27078233112,-151355.42710082105,-118833.81921221467,-103642.12340886821,-46394.87897848606,-25652.550249315216,-15851.93442725495,15644.325606477563,31239.447399038007,43391.142830391065,55535.9343383587,83182.53514505574,116949.34725686978,121017.10854245676,123075.87225374975,133655.49131351174,140887.36219786666,142748.61490215873,149356.54733033967,166302.13229176146,189016.24813707382,218577.86818448454,229137.56371564,313521.18463992956,323614.0266842628,335666.6718364919,338535.56421355554,359636.7272782116,377176.56257225084,403610.4666954926,416759.6462817413,422581.6997906333,482213.89057271904,486960.6009057746,487252.8848379352,501913.4639673515,520297.2360723349,585013.4964176684,590557.99703953,629689.1567168601,645307.4044148496,652866.6527219554,657924.9039962084,696377.938239116,711648.008161359,716428.8599154388,737487.5445896692,752153.075570951,766910.0790193083,785197.831129828,848532.0066807698,855517.005295973,886529.7772471171,895552.1735101147,917950.2928336132,937833.7374469258,954661.5400683056,968017.0186471071,975537.4788357182
-994240.4318034013,-957305.001424643,-947226.3492515796,-906959.5915783222,-891678.7856560891,-881444.8114106847,-813385.1603780852,-794166.0937575125,-793366.5078156614,-778582.5191399767,-761068.7290354436,-752776.1386248595,-719352.7933659101,-703291.3497934308,-696230.8166381812,-693868.138318314,-680865.8294319154,-677724.2077135523,-607003.2803599357,-553532.1880273167,-546243.8062943283,-527429.2908332336,-526616.6634279583,-494368.8840973244,-484752.4551458391,-390196.6115059494,-381814.19079333614,-371213.6006917759,-368276.3780850227,-367636.2203291444,-364573.122746664,-357696.3236827713,-355610.91186072375,-328330.93055189063,-327071.3827687603,-256513.50573231222,-252357.90513412317,-228011.2009154798,-215364.32538659382,-178406.58064772107,-160882.05924717826,-87977.88791405025,-83730.7069973197,-18983.905434602406,-15532.398526839796,11006.708428922226,27832.843113179784,57345.643454496516,61143.62001257809,92404.20860586897,105713.59385503689,149209.77315645944,175096.11349266302,175171.37358859973,188321.2117863642,199738.02301476174,203704.7087123806,206938.2107875552,223151.84152642335,264945.1912440944,269809.5586455441,282150.40867742104,283418.8843112157,291965.0928616596,337450.2876495847,345597.6714262208,351739.9646917451,402573.3294043231,416251.04278229945,443153.5268024651,466029.7569008563,471724.38279355504,472979.64200580376,505958.59772259113,514899.6662553544,558170.4855048447,568986.0018492725,579438.8345766878,592003.92649779,593526.5318919807,616162.8611454465,657573.8304531716,660241.5029219899,662041.8267972316,673045.9407249538,742953.9125085,744394.0130525609,764978.2118172045,775835.5678742973,782825.3783913767,786879.8968391768,806035.6230617773,814726.1563305485,852342.9965221023,892504.3126618513,911488.3573898615,915668.5732837266,992176.6960833645,995496.3385963084,999135.3716445391
-964829.3914567949,-962493.7118414674,-947036.9300107211,-839679.495119328,-835503.208845376,-822696.8126043573,-804755.1837948535,-776821.0442168739,-770412.40361201,-770023.4960738508,-696113.2928986893,-672653.0130037067,-644332.8786207119,-636639.7233921438,-604725.2950807558,-581697.1066816681,-567609.8238044088,-560986.1893337487,-552184.7744048891,-548715.9105646788,-466332.9733378625,-444438.20804792654,-437577.48061722564,-412800.42430442525,-412537.7724337735,-399418.8800357712,-394442.47234288324,-382409.21717899875,-363355.0235840472,-359085.48135478434,-304696.2213199191,-301125.8182755157,-293677.64720436337,-290937.30806720955,-258136.95729292778,-247894.03438464098,-204573.4550153357,-179907.86113816616,-178140.6804194816,-177012.20207519655,-157923.40196381207,-146725.48885332828,-87849.27668740193,-70352.69672728202,-40675.27301545825,-10989.948210604372,-10416.344167131465,-5204.473326544394,3086.942590347491,6418.698295291397,6528.287596495124,24518.94430532644,39184.45222077076,93799.52296063933,102824.1758052234,111431.12012466369,177075.52394701447,198225.00570702692,205619.69513801183,223740.925970461,238402.39965356071,267681.4350870638,270205.6962233104,277073.4867884179,311001.9616001826,334396.9755089006,340442.8028033192,355346.86419757665,355765.12349535245,385292.00983679714,405076.94409326557,425543.9417246599,426631.0609352251,459068.085175622,463252.03216827894,493409.1227585289,501775.5566215052,523597.50031027757,529085.9064203985,533317.7350468659,541990.7604973412,562753.0639746103,564587.899522535,569049.2200827429,570527.9027286822,604142.5267652133,669903.8771000286,710898.6421726642,721815.9259283282,729285.9792040365,802647.2406318742,819287.919758955,860526.1982825529,864447.8491560793,869338.5659621635,879831.3998447869,898055.5987387509,916791.5509877366,941381.5094110132,943630.3497705483
-974261.6746544992,-968637.2717476708,-939835.6623502118,-912951.5206727372,-901633.5922981475,-882638.8961377647,-869067.051720445,-868006.193575325,-842002.3703414985,-803955.3225937018,-791887.5839462745,-788593.1217556066,-750772.8818513522,-745823.7998935808,-736193.8163842907,-706103.0276325688,-674874.4981804022,-665111.4698036278,-641080.5123328413,-604691.3553768981,-603765.367633749,-571524.9439400927,-559666.8914509243,-542270.2816079739,-503847.18167877087,-477071.6784118316,-458711.55400427163,-437100.85948576836,-431518.24690266396,-402019.1974016825,-401154.5018675091,-394943.7727258536,-349398.8589820352,-322135.67162601615,-320799.88949775614,-302572.76963857736,-278265.9368688642,-270383.7820199713,-230738.28512594057,-225545.31111743662,-225442.48219936749,-221606.76362311095,-213794.17592150474,-209636.5277204177,-202190.32134459063,-191071.19145214255,-135587.21025992755,-107102.31119589531,-72183.05424688174,-71103.10976610589,-64367.31546811282,-61299.2635815175,17789.468612496858,22398.79758923652,37131.5515546829,51184.81855915417,60898.00919764396,75162.91498805233,110776.10856447602,139364.18119735038,165411.05532964575,187914.04337341664,190944.26143366378,235475.03767061816,237403.06810240913,244629.8107303367,278920.4047564671,302486.94219179684,385460.3316998028,386715.7900991093,399157.11414177064,436378.0084212222,459598.43983189855,477096.2199721539,544627.9046994322,548120.9840297622,548173.7407822302,568529.2104327925,593401.3133428311,614561.4615729228,615993.2647272267,625744.7921556784,654312.3251041733,666279.8984686125,668584.8493237933,687489.7522551937,713458.9218764142,721704.9355416449,817553.8128474681,820116.8671707311,820420.3511349626,862147.7293378331,863913.5103340973,868373.5202938074,899030.6629262746,908428.8232045684,932375.8043996873,979426.2247013184,986376.060050071,990810.5774429059
-983866.3416823954,-981045.6495728275,-975110.7038987976,-974641.7313984337,-973796.8501658858,-957165.429518828,-949282.2099896494,-924433.9931714475,-909957.7133429013,-902306.0735183557,-898385.0371888857,-887339.3334022586,-886881.8023453089,-878628.3629199283,-855823.1372129887,-851533.2825678329,-835971.0045530663,-834105.4890991582,-796789.1930887301,-765253.6706715,-763244.0304925898,-762775.0312504262,-757399.934058806,-731365.9140655894,-730171.4526471309,-701548.8821559657,-701283.2451219237,-692763.9147275873,-679937.0082662229,-619581.3195686811,-609493.8468816391,-588112.8846613502,-538703.1790446526,-534196.0158848773,-519507.7528869323,-510490.1913867514,-474027.28179359017,-462659.1751476114,-453395.7892790341,-418519.9871134639,-401177.9163608466,-391370.5531735488,-389577.12438792933,-373953.35392121435,-292810.8280566782,-261236.7470744796,-183110.6227320762,-175889.2277158139,-173041.98425680387,-172084.42089314072,-165993.08937315666,-159408.56417663523,-156719.44677224103,-154833.2194602216,-117285.43570807145,-86984.80994435819,-79607.90442024264,-17617.990223926143,-8786.359169669566,6781.923228855478,86650.04540586402,97802.30777597986,105930.16122325929,116083.96844583191,132373.34090408194,173429.0193498514,274038.6910183218,281606.2824733022,283956.6940293915,322119.28050659853,328328.3710179094,366308.24772644974,426289.1085415378,528916.2870823594,573477.4515663504,574636.0834845684,581974.1949670042,582574.1493106945,591871.1775756232,596530.8795916783,640917.68506913,661395.8661014533,677853.1572550039,683158.6318011761,692597.7170628367,746911.659329189,759020.6235409679,760233.391990802,785745.1006162982,787568.8520843736,813601.6088684585,819269.7813566299,831102.1285987094,842782.8117145835,850004.8562246314,874195.7344405318,909456.6006589618,912005.8165689588,916341.0990670191,987447.5622222289
-994570.6947185602,-980352.8649721391,-925168.6171846823,-897921.9637604443,-854572.584337353,-820325.2946834179,-782676.8004179499,-741434.4241158012,-713447.8064913014,-696650.8556291966,-675894.9391595465,-645284.2163719599,-621625.7017727946,-620585.7786765285,-593493.4018487588,-518375.3224419325,-508566.10175595776,-499801.934689545,-494211.7243900834,-468544.79571692215,-466776.3587663154,-456224.5915559378,-447609.8085445672,-445400.69452343497,-406090.2665338495,-401864.37228022225,-391294.37240278244,-389603.8763325786,-383857.29199445294,-366266.0611175203,-365626.1812142738,-337936.77447626495,-314063.482206441,-309143.205067919,-298900.93078670383,-291912.5990553666,-291644.8468971307,-237244.99590768875,-222456.31112861726,-221441.04562766803,-126284.71429745236,-110938.01429610781,-83444.57928650081,-70921.34397688915,-62820.94265248568,-43928.16709413892,-24220.072337265243,-17761.38510708767,-2035.2723461480346,16226.92005044478,21154.754926438793,22484.83436790784,24173.93564842944,33542.06850817241,38241.38947211695,43488.85407888668,82237.76899576583,119677.13819540781,126989.85459849657,152418.9406968425,170894.7269225386,183505.51222230005,202105.25987688988,217759.9979423047,220033.61148437322,220552.81978654116,236702.57301874342,240864.8240971882,291892.47958019446,302977.3540851455,321359.83859642595,337879.45274112886,394285.7332538462,411183.39669330977,416467.2866553881,423779.9618336854,439605.955156096,445810.4358315582,464420.7737746823,469544.6418905887,483675.12701874506,498245.08118320256,512926.9680489262,587711.010908341,628835.4795780075,634233.280650876,650514.5781394588,681720.7913076936,717998.2506649524,736326.6016454343,823418.7333630135,854687.5330374562,921983.8439241718,923194.1989813754,924130.3237443375,934806.4884191689,936962.8912284682,937275.1266025726,968550.107953012,999323.1061627292
-983136.1160330563,-911343.3228386237,-903114.6710944147,-856749.9375499046,-840301.5514706853,-829599.0143549534,-814905.282759287,-791762.6212222854,-782714.7000383657,-780363.8731229648,-760758.3196306434,-756322.8816025276,-731763.2009925117,-693951.8412309994,-691649.3411920655,-690770.6341792723,-688698.6266322592,-683359.5301846899,-682126.2959455969,-678811.0563506178,-666034.1205688426,-664334.4374489646,-662360.654313128,-595981.7737445716,-578895.0289521927,-577317.6695704048,-564550.3663694011,-529849.7591293068,-508114.8283594954,-502928.64966585446,-501792.51768431056,-481271.10960303753,-467459.3090124619,-453955.44733372645,-453764.8457851169,-415708.95305718645,-398167.89735318173,-397842.86879220174,-384755.55061509064,-380237.68429135194,-356100.85035259614,-333215.7007847943,-329199.28576160036,-310571.59384403145,-307059.3035843192,-274404.08295975847,-262199.4858085959,-217887.61922579305,-207256.76143423817,-178326.98113696813,-173364.15366524574,-137093.04547194322,-63884.9442839307,-39735.28211358411,-36475.68179796345,-32610.521341487765,10706.25891840132,48849.331257252255,83630.43736516638,117838.84538676776,151285.85815654625,190156.7502527614,238740.88407555385,252639.4526257345,275377.7168797725,301790.0880110548,302140.94246743014,344424.8837036914,345363.00375319016,384836.7133615562,449679.7845826878,468432.6175505896,475417.9084189881,518507.39107684046,535863.3164482203,556732.3996183819,563712.8755114314,566964.9927800435,611699.1347522149,632642.8143599296,650066.2833851387,651437.4769981808,670443.0806878698,686603.5847033432,687813.4080532978,694534.5659634506,701414.9510006257,705973.9537839445,713785.9051445313,769736.3924242975,782035.1547657198,821673.4810216271,844320.4156973378,903691.3639906952,911278.2874126246,946119.8644572385,960676.5095033206,976498.0339041192,995996.0137606531,998252.763423502
-952814.4031866868,-945679.158322801,-915328.3250179368,-915021.6613356406,-903386.144619123,-898729.1008552709,-897359.2008816514,-888525.2395167358,-869340.2140048208,-852741.8085576366,-819965.2045970296,-798029.0253509209,-797669.8690091464,-765504.5195780939,-753936.1345019373,-747923.5896274961,-743951.3314625141,-743180.820121782,-741977.8872780398,-738343.862816548,-733224.0791914702,-729729.1597132969,-729306.3626063976,-713436.4147501369,-705660.1316287181,-667469.910245473,-657409.3580114337,-648594.6857581199,-644384.8336113427,-643609.9280883502,-604560.5977025216,-583905.954902238,-570753.0220398153,-551472.763276821,-425888.2995162392,-327946.1174896074,-304592.36768376187,-288268.52439943294,-285066.27607662557,-282940.70437058655,-280112.40356879786,-260040.42143188673,-220230.47169014998,-173708.5911875345,-96117.82129738806,-88391.91193506448,-75578.28977879824,-28508.46826915117,-4099.973623467493,20509.317265352816,45685.866834238754,57787.17541172402,66431.29114757245,83187.11523040035,88889.87079980993,117816.89858982805,126821.18124063476,146035.92598309647,187745.19318353967,202515.12075426616,235553.1731732858,236517.52544531715,326984.2587370381,335256.7274713726,335476.6307810766,362823.1389133383,373145.25760319014,379729.9344700854,397766.34287597216,414795.3134314972,431406.38864210807,463949.27886419627,496714.1275506159,545351.9009143899,583389.4716747261,583790.4959964573,589963.5916066437,596901.065032017,623064.6955452624,632855.4938038748,658900.9911986827,669320.5428832248,681261.3493078486,704382.3556723671,718384.220658988,752977.0414115197,777765.7881248901,786214.6387876621,788672.5235291212,796335.9731661344,798744.360195434,804473.5698345292,869544.4971373591,912406.627702229,920369.081699346,924815.0700518682,951965.5253861612,956473.1590565636,974116.3543677728,977930.667213538
-982169.8960444147,-962710.0482509052,-947254.7849580251,-905913.9375397121,-895735.6096094542,-883416.6287446588,-878752.4999512648,-866648.8484179524,-834584.0889026859,-803951.4455524934,-798306.1576201573,-774318.6854865956,-772829.5934372769,-770903.2600133067,-759175.633880983,-753514.6294794916,-750602.4705119052,-689499.2903106263,-657975.8148484081,-649482.9188394335,-646963.4406574687,-629211.1284136493,-621517.9562459474,-615107.4854381775,-570720.9755495553,-567715.8879319137,-539444.1381122293,-534227.6364445351,-530804.6149395625,-528238.3557176772,-485038.1237897468,-478263.3251994004,-464816.6907961356,-448721.92770197964,-410437.64164562814,-391013.122887379,-333188.88923864404,-325437.2525891034,-302266.8010795091,-287299.8195674799,-264549.91217912966,-250530.80560143478,-234348.2023136001,-232908.52024650516,-224965.70055982773,-185975.57788423158,-179399.4298288921,-170312.78913364513,-143874.88494431053,-139432.71027589345,-108812.20302221493,-32333.40632762795,9962.538607124006,15746.562589415931,26031.035227641347,76291.50535881915,84999.62564285053,109027.07373496029,114100.70941870846,118597.96151428297,127706.44168912154,150240.55906189536,218144.76653453452,224307.7957527961,256042.20456097205,273713.6501015993,330223.2884183361,363214.33671272337,387125.2385615434,415274.65586859896,442989.38404819276,445738.7209419431,475505.50946051674,555997.5943168558,556348.7823373175,572078.0363490444,595907.2751087472,599927.9045149826,617079.6866234925,661931.399158899,679351.1438065083,694905.5769712189,699412.5701279633,731536.761079689,736363.6247924375,752097.5539421279,770454.5508022499,776430.2556084737,798037.4349342019,811078.7256827676,849934.165806528,852526.0459887756,852955.555107279,854664.4415606875,858215.341589628,859475.8721578165,895228.4046726865,923127.3818368397,961734.9170490571,986270.7111496835
-984526.7397114885,-933611.2476432135,-927341.9832436389,-914538.1074359369,-899726.5077535202,-897124.396742005,-884710.4071158591,-877161.2534258311,-867644.2064241618,-855974.4467164605,-838132.891991048,-833104.7623268836,-783305.2627320985,-765254.8317396543,-746025.7102895107,-739053.7345065551,-721003.991282501,-709256.3182422809,-677004.0001175599,-674778.2265099478,-673275.4138056183,-664040.1052875562,-645279.8301528826,-623717.7395906185,-612366.842538048,-603741.757802936,-596838.1393517584,-581377.615303835,-512648.76844357897,-491193.2607123901,-482959.0619825692,-473547.2440157591,-434450.03168580483,-408683.2402366105,-332117.4090131369,-317015.9280044886,-290818.3120096115,-284629.4902323227,-281541.55472729146,-252492.8482877406,-245065.50951496034,-242696.84672096022,-242674.25368824962,-238495.23494247184,-230452.70079337875,-216512.53907366993,-157973.41820653714,-145466.55019717454,-107034.60212654516,-83032.09833585634,-9228.38599241688,2836.303579661064,8861.544874509098,18620.004440557794,24479.236824181047,52943.50148073165,70494.50229992322,108070.35021936591,144107.70972349448,147576.4345433251,386792.8035756941,392015.0756170752,392600.4374169626,402888.89901197585,405275.5451152895,416709.3171483984,437059.0625077279,441276.0691705127,473001.59555188613,482123.10096116504,483623.9404569182,507445.79210739094,558594.2962285094,563764.7575093037,572014.4913678898,578717.3033381857,615573.1840034758,668992.5995438241,674844.3667981226,694285.9007322604,715884.1213249837,772815.3077780148,773499.6893110448,799632.1480924459,804127.2107080354,807556.9879697864,813821.8629363098,815977.199136938,829844.8631731302,831391.8806602631,866992.1872900028,894347.0387359811,907227.7046763026,925587.9763137847,931279.8984104525,952680.9452954924,955166.2641868095,961796.3188226607,962256.9514367227,993574.4458217709
-979298.3483621145,-977535.3917016594,-975683.7401552437,-954714.0075956467,-929416.0955069175,-926854.2361684233,-909076.2238152109,-907295.2450557272,-905461.0022886762,-881392.3675826256,-848932.5527796648,-848507.938914606,-822054.1971233042,-783309.9459993917,-780958.3068145218,-735646.2504146271,-710576.2121827691,-665390.8620765309,-627058.5906870887,-619205.8175890591,-593380.6306819782,-587027.5464423914,-579635.1942061,-564630.6764583495,-563594.9878286631,-519372.61712549,-511013.87507244444,-497123.54703104135,-493755.2282119284,-493056.45630316186,-447756.0728782386,-406526.1962795934,-379512.5500495373,-362119.16581821453,-330399.4301447364,-324807.11280172865,-324788.13976781233,-264658.9585893195,-240731.23557512788,-240064.80061694654,-236810.4148138757,-225888.67765172932,-207333.10742297256,-185159.81495921325,-128556.1986070365,-87943.45454388333,-84286.49972715112,-38792.86992857198,-38139.55671709392,-11542.257590831723,98388.84739030758,102462.92610471649,118745.64608006296,130392.62441266607,192327.95277702645,212904.99373887316,233516.17964501888,311023.3717178644,322159.1934663949,336287.3989184024,346490.1643258226,369643.177588494,379598.00269787014,420351.92900277185,425257.662945437,449975.1957203711,469358.88923644973,543425.3558233869,546919.4402828279,562123.7523080457,583003.5834193758,591412.0896790719,619424.3346374994,631505.4005846514,657324.3490116161,660427.7156555059,661500.1060379164,671841.3154203049,683904.4710944104,698555.6496661094,709767.5378296694,710073.7529795014,716273.2101098122,770719.6505661078,787065.2281959739,796197.6781264239,819539.4284490619,820661.1485452992,841726.3602383786,852034.7255209424,871432.9490936736,875958.7403954009,881812.2825690638,883292.028053303,914628.558319676,946510.1480034408,963605.6100865041,970208.3021061395,987565.4559697502,994852.2722052997
-973727.776334546,-957646.022135779,-949383.7665330145,-916162.4951930703,-893074.8736701504,-883911.9571060636,-881953.0357111598,-835250.1708341325,-807453.9547185742,-804574.9001253417,-793367.744018439,-782430.1578732362,-771210.838111252,-643733.0835650592,-639741.4892754179,-617199.3026165622,-598169.0273680948,-579330.7093154052,-569673.4225295685,-558000.3459744287,-555135.2405441366,-539312.8441777047,-512109.36758119473,-492403.33808169235,-479309.05690550717,-477980.70536922733,-461495.324330774,-454008.6124798524,-451328.2882287939,-412076.21203197166,-402504.2746464027,-395121.35702003713,-375864.78075254476,-304505.14164595073,-294226.03501746594,-289930.17083017377,-275335.8462760125,-245738.4881251041,-224688.80102957448,-206150.64402989263,-187594.8291992204,-179321.17324777215,-171436.86165365297,-170685.4886603799,-133940.59325271286,-131510.07778471406,-113498.97756654583,-44547.01964676543,-30215.43902163254,-2050.3211798055563,11062.941639991244,26235.912629568134,115260.86912073893,137906.21220675716,139723.2891662086,147159.36950441357,149699.5153646737,156196.1018128323,161059.42709196196,169729.15305466158,194090.1323167486,213895.81311986758,218664.5731906246,234727.94009855622,242209.44672102132,266382.82752071344,303547.01736647845,315402.2415236058,367707.11563660996,378610.6975544372,385461.0860035457,409081.4950577875,457150.84079346224,481441.7812439725,511730.26252134726,544053.6469870664,598297.5341015037,599113.9925326798,632373.4624140256,636046.4053253024,641735.3643567213,660686.2569977504,665862.33989264,741311.2095724714,747228.4338694417,777064.6386219091,782547.746484811,789463.6159144472,808909.1571379353,820847.9446356951,822349.0974369454,854327.6315992023,869139.3745501342,878038.5342568378,884572.503947391,892546.4637316181,894621.9183202321,940932.7841203709,984994.991247914,985376.7377945951
-985484.332530018,-977718.2301568006,-956509.6403099576,-949969.5394577488,-872167.7882678875,-830654.3470521409,-830262.702036526,-780276.8055923801,-775555.9260469709,-763288.3885760467,-759023.93335909,-726841.926654161,-717518.3146430994,-716500.4286554877,-709238.5769385856,-690068.7103751558,-671252.8237838615,-664348.7439844848,-616984.1630963616,-610216.4433058233,-595636.1512316837,-528421.1947866972,-476540.86903143924,-473253.1409215486,-458206.05476121185,-456002.5831669867,-435851.90160026995,-419307.4709742828,-414858.08371529134,-394969.9322669386,-386586.3949035208,-384817.92384154187,-361543.6627364275,-352267.09320594126,-305833.83280050545,-262901.5178301664,-250860.91904112708,-229265.82463665563,-221983.79726377793,-204483.86986088415,-199167.385436174,-176394.7949948816,-136394.33516651706,-125670.12511819042,-123588.30627415224,-106049.99486920063,-86406.25433831546,-78898.1961276856,-61728.745301409974,-49305.716136099654,-34313.27583090507,-16273.311533149914,-4754.312576729106,17517.258714971016,19544.70699966303,43079.11968637491,46579.42822295299,59683.19796358468,70836.03616031911,71517.4891623382,107911.82150597591,114010.02533997828,143759.46890947456,156489.5328561121,182853.62215600302,222422.68813387165,228683.13425772474,265035.60229511233,270622.8728901085,270803.90156543883,344314.1378208124,361585.45349842426,366313.450738091,416153.10227411124,435964.4022979855,437365.1650333351,517179.0070460662,537355.3133378511,549013.8979406003,605443.8842714713,682990.206747419,706138.6737017862,710518.9544014991,764144.5750117318,785193.6740381643,803620.1612221757,809130.3738532665,819376.3589898436,828541.2357678011,844144.8905853473,868867.6089541935,869420.891928128,897219.456495522,901686.9537578835,912601.1266636727,913476.359188199,930356.1451620129,941428.7248021925,959737.7201238838,984380.9786502845
-991888.734635553,-963330.8701846659,-959193.0812958685,-941987.3137162676,-937648.4504099786,-927823.1669457395,-923243.7039892211,-904286.5382452164,-870589.2750324531,-858482.4761162568,-829554.2575857583,-824671.5273814956,-824562.0901845787,-821970.2154827324,-677862.2815895907,-669228.3582062124,-658178.3405217165,-653222.4967431468,-646188.3370184703,-645175.6597462394,-587443.4175602989,-577581.0859041015,-554437.7271586668,-533740.4385860527,-496491.8626393515,-486378.82462215965,-417949.06994087214,-400181.35613249894,-390112.29931180296,-347848.39632675843,-345271.9519294099,-291624.6826721381,-269048.3988085843,-257946.07310565514,-235991.8963267298,-223509.24665519048,-192402.08874135418,-165736.58723137435,-158021.98849911406,-142188.5975472756,-136104.16016451432,-115742.08557395102,-115664.45786819397,-82862.71815429674,-76783.48462760937,-65514.62706636428,-41657.5750833255,-24979.217242313083,11474.454903408303,19501.456261802814,21688.27859815955,36051.68059728795,49896.96708539734,105963.10212468565,108615.88783644815,111037.8445039296,125921.23690576828,141807.05063775857,148373.07774464507,218444.33251296682,294804.4110255637,296732.9633553785,389663.0947346268,393107.5521554167,422540.8998547143,432425.1137553961,438538.12659581634,444409.07707051374,471476.24561971845,490865.1038648556,493258.70826404914,522459.02104532556,566625.1633368253,604936.6775896184,620193.2703890014,656274.420113171,679757.9252280998,686288.0202127914,708694.6755901035,716436.9080983689,716824.4179409284,743783.3000256917,752175.4202955049,762344.9721323508,788590.2296621513,795525.2154656334,815258.5170422322,865798.2008416299,891451.7809706556,902287.0804584997,910206.938617449,916924.7693895889,918207.187681987,932149.4896472802,936166.055183054,947790.6965551199,973381.9348939455,975294.4556798127,977123.6916453324,991655.2544309932
-997886.5950683673,-965512.7398205356,-956611.8911163952,-931762.7264369646,-924880.3231970266,-897397.5192532897,-879040.8871244362,-875275.1422134462,-856213.5180609925,-790992.0251070978,-781724.4984185683,-761701.8216969331,-731277.7682738465,-730743.8567045042,-692074.2867652536,-687823.1682326108,-685742.469737419,-661723.3311777206,-647298.1192567446,-641020.5786006382,-617223.6696997435,-600446.8454465694,-589937.0503274756,-542011.7765780014,-534101.6459721837,-534025.9864032149,-473955.11816952226,-458827.1796051755,-448166.05753094074,-440688.3195322433,-369240.81854289456,-361187.9499332047,-228813.67788615846,-193317.74681965588,-134035.30733135866,-93371.9874885903,-79591.6928108586,-60810.295424300595,-59309.927615678986,-51141.54482357099,-40528.67318419181,-36321.24577944644,-8278.873603449087,-7309.9471229203045,9267.538785872282,41264.58193471702,48962.981448190985,54489.84598950739,58977.742359058466,72970.31298659742,103067.56026352802,105594.93203834258,117840.66226567281,145447.69306542678,155691.93992348644,185080.96278921934,199892.12579108705,220898.696548081,271427.14150098246,281100.0609526064,286458.93859179365,328028.27274593525,413182.3895089519,448219.90570122935,479416.69988173386,517898.23378539784,532891.5183504247,547264.7241469023,553798.6917009563,556818.7306161742,574982.7010126088,606940.0080019699,607834.5895963816,623976.5179950569,637388.9678504001,646718.165745511,652802.726677719,661285.5766231702,661694.0872539536,702827.2248314314,706840.3595237215,717867.0291739728,719989.1098803731,736824.8950022925,739347.5390591323,748911.9286358554,757524.3365861196,763685.0477656443,766371.1990818938,770007.8232600205,799563.3158844823,811555.8749487884,817677.4497930056,826586.1991329265,841914.1654953482,867240.5112174323,869616.3622823409,886190.1540520221,905104.5331929692,922883.0522897828
-962527.3886039658,-938818.2362577664,-934336.4899431108,-916503.753834659,-899517.3202589623,-894959.9222520492,-857698.4901298683,-840199.5697732226,-838445.0821257221,-817428.8858327752,-803855.1723014853,-711933.5621129728,-695361.9277633103,-639636.4244111066,-602991.7095249268,-590344.6485483912,-584871.5552101335,-569880.0122575425,-566948.5846564473,-556475.2651338053,-525309.0521393872,-523362.8388126408,-514179.3516028586,-491728.32617157017,-431458.25195205933,-404866.8493382252,-388240.5845690317,-381550.54734558007,-368412.3363006193,-342530.82293490064,-327056.184328333,-311928.2942914547,-285530.76415534015,-281916.0084735772,-220593.16725276457,-207137.47528814944,-180664.20997711876,-169822.63876634534,-168817.55362628144,-104978.61728080758,-101387.35862570966,-67858.05808699387,-46660.04780339578,-38510.62803214858,1446.7789857976604,12353.609691966092,24323.472178179538,27245.833043088904,43382.24856952543,71614.18372647464,73004.33939573844,84026.44869480119,95019.33596575283,106157.54064173345,109112.67268114118,126496.55566813494,151713.52701733308,177476.26678295108,200073.31049067178,226297.0610729279,230800.9352323485,239003.43478274904,256018.97593380976,267326.6194467144,268423.65099949227,300435.68494924344,309689.2972298388,318599.7110885056,374126.4997226449,397595.40928198723,406050.1878708431,424458.7737236172,426981.9671743945,460085.704147218,523801.69250756595,561525.8648245258,583663.603833162,585025.4111763672,595604.1344772687,596314.8148249504,646658.3253413939,658207.6169786907,699931.9434739209,720036.0068400945,721782.3575577051,798727.3980065831,808035.9778271902,816968.9903436697,851261.9370006095,873856.4692247065,923506.5918486111,931672.0271591356,934171.7211576658,952982.7124600573,952993.6420799859,956130.4386389446,970516.2033550628,979894.5919405527,997739.9911722837,998826.9967942936
-997681.348479059,-989865.6980551484,-957040.1939396722,-950986.2915705398,-933174.830323078,-915672.951129382,-913483.1817947014,-893795.024358838,-885137.1232027421,-863273.9336026041,-862832.3203519059,-857020.3083913823,-835808.2527371733,-768550.7701546099,-728669.9581634586,-726518.0490979537,-702168.8645094208,-691154.7324370649,-651579.479625118,-638290.6148063489,-616558.5448046238,-612093.4742207532,-605392.4327938957,-601206.4428786617,-586183.3580122154,-566302.3285712108,-551245.5557483009,-549303.253751222,-489015.02658263274,-483957.54511810327,-474381.2909586844,-459806.5019626578,-419948.5315023232,-410899.1165310587,-359217.57485229394,-348212.00552400993,-325911.9727931394,-304528.1228804464,-292009.28476570337,-279233.7625713177,-269238.27619427105,-258385.86973610148,-243580.37423928373,-181199.87314355315,-151959.7499696312,-151639.20250378072,-137726.93155397603,-130075.36044698686,-114021.43220120925,-101578.36265515897,-90775.43437172065,-85568.7429203724,-51940.511393791414,-3536.3796865253244,18772.739350200398,39431.97753744386,55821.41779612494,67266.3760754629,97153.63939110143,99578.58226900897,101521.68318962026,121780.22441570391,129220.95484678005,161938.47204442578,176294.41462421184,201176.30202482082,231711.369459291,241573.5013725981,311757.81025206205,327556.6243678748,346779.0479904413,393920.7192740571,402767.94216968236,419928.75462291786,489767.9606408146,499748.198341653,500864.450211243,515173.8172078142,522889.8505948868,529302.3073183706,571137.364932711,597097.8963166601,639907.6032067523,679973.9807147144,682026.9307762526,705997.6507299752,715262.4548278919,719399.9137647953,737655.3837484671,756416.7210338949,789480.6713849355,799575.7708856885,896392.8763555472,902913.6007157299,967357.5209270201,974900.7835023319,978281.4925067115,993490.0499978156,993698.0601235051,995049.507637061
-995284.9032174327,-980499.7080265512,-979317.6393553491,-951149.9932465621,-932022.2099604789,-916256.3805988033,-915961.2327827169,-907454.6892650393,-890296.7515143785,-890083.3379958333,-880723.0323920554,-843389.7759676841,-832800.4973869704,-799366.1802353425,-750498.8616001941,-748056.1733891345,-699486.4832463845,-685883.576351457,-685804.5917582461,-681292.0023720748,-651402.0566311143,-603283.951350465,-591009.5246250674,-576418.2536967511,-562779.228076304,-557848.5886132773,-552047.8733733017,-538695.8768193326,-478043.2206399525,-453963.4091900806,-438904.2554434661,-425047.13133288187,-405501.78258103435,-389617.1946483172,-384549.21556785493,-380512.91851868795,-350454.72405651363,-285544.80761057243,-252173.59867677325,-204821.35903208551,-202790.09478259715,-196285.81719931494,-164245.15118880058,-110213.45056503825,-95955.90810962103,-95758.92082198604,-92761.15498178883,-80414.38933807798,-76718.0420712597,-76179.91831306473,-51703.15025563422,-42663.886736981105,-34914.68487896165,-8657.169330342324,28640.454381486867,110044.97178587108,139718.14898535772,159040.60548939835,175185.63703761064,215030.80788219185,231317.31994909933,240566.95526327612,245897.3729372169,250064.78751573502,288935.2787657161,310818.28627176466,314672.3269216607,316584.6164096033,338829.1870149034,372348.8525289532,444316.9124065095,460287.5136222951,481257.3706652892,486392.70807183045,491288.1299688525,492705.65350324544,531931.1072361628,545601.9538756064,557735.0185189266,583457.18437779,618285.2405410674,661007.1042507987,675975.269890026,678569.1897730227,697933.5299218639,721143.7944059619,726718.8983738162,781219.427716197,819227.2651963348,846753.9086973912,849479.0209238627,876424.9637015399,881703.6348995452,883761.1290195477,895588.4663857422,902449.1515755472,924999.1757910438,929071.2412758879,952733.4601345069,966533.7284627659
