987982.068797258,972365.8232565478,932883.324295826,925521.385634047,876992.2460513266,856232.1853611851,851548.8184398001,802776.5605915831,789131.6450655274,764143.762457767,683000.2010270918,677137.3980095573,658916.8046981136,642686.0041741133,628739.0459690678,621519.6659687173,573121.9259352798,520987.2245362578,517600.1708524008,504230.5858874484,465418.26378271985,462385.7466014782,462068.48920179345,423061.43352995254,421284.9388283624,404450.6654160577,392694.2596459836,380789.52628505835,361780.6661988776,361560.8767854846,348295.38895582734,285391.8409707253,265121.8353532725,263570.5728156036,259906.41677644872,248920.11212181882,247441.9823330748,206162.75170381134,148720.2273832201,147591.25283420878,119160.34232429508,116113.08668036759,112618.54558232869,98299.15864267386,88569.11981167807,54264.012679865584,10448.332107662223,6178.228121959139,-16573.557744067744,-93981.58059097512,-103583.11950748216,-127088.7138021572,-147645.93549052556,-193010.35008971381,-206968.0674503172,-223225.1523785356,-232790.4543125712,-258070.62267444935,-259441.72214732773,-265514.65304479643,-300817.2125394149,-301132.8153162183,-306056.55286038446,-333638.2146569168,-373454.24779972224,-378549.5887552026,-399103.65055287536,-403789.3479613685,-419168.4567853189,-423742.26530346146,-447933.3281676341,-458546.76620815287,-486700.8511215889,-493751.99742560415,-496745.31733731,-591475.9792116387,-609734.6578263768,-641867.6594969792,-649701.4211036933,-703393.3966111362,-709782.9429464478,-710868.9364736212,-721435.4048353897,-729729.1273129189,-740327.1555740434,-746155.7168811132,-761139.6294554838,-776616.8682938952,-789972.5633551966,-796585.9676574257,-808826.5070204894,-814407.8487356661,-852621.9151730507,-867260.6698095722,-911285.4325622033,-961040.9443350758,-964575.084304883,-967661.320452748,-985631.6621679477,-988787.406509193
985993.9434524814,943816.9485859228,870298.047169314,850045.5772367534,841877.8155515937,825868.9438715889,801373.0284345637,789580.0985604534,786569.7974136646,771178.4838555222,769188.8317538158,764487.6745582626,745204.153315187,741991.6198736934,717579.5068286655,710013.6095860389,700021.6383240526,678409.7845825972,654828.4244890176,652969.4703144412,634603.6560693881,573488.0364542217,504001.6105136853,488262.937299096,466819.7312937407,441818.80289214826,396218.44909864664,394080.5213167686,372001.9540403406,340523.02400812623,338507.148300285,308339.7394274508,277977.267086457,268200.78844006057,265661.1463691548,235432.63452130905,220193.49284102698,208090.50897791958,180670.51392587973,132682.24572072574,129940.03591479221,117347.06251995149,40292.30044762744,25002.045692055486,-18217.387857402326,-34868.51305208763,-36875.71939599258,-80309.35520839156,-85699.87018852192,-88564.51942213473,-93262.89179477934,-102119.22335974872,-126062.81310810428,-135790.9818400786,-135914.95661978878,-194828.26893758844,-203840.97941543162,-207967.7777412727,-224009.99925753928,-231691.28329555958,-238104.11924271355,-238821.83837882697,-255348.9531506193,-297004.323913465,-304691.9883589203,-327806.53399053763,-346768.5071753197,-378801.0968735423,-419275.6115957621,-433482.67792721046,-438393.34443809337,-438539.9933627165,-440335.0564104221,-448346.6703495311,-448996.411084531,-483703.4277586303,-484241.6371695426,-518758.8293167085,-543708.05193681,-561386.7092345724,-573823.1868289589,-598625.1195041335,-609739.1677646546,-639444.7048833552,-675127.1865530852,-698741.618872446,-704901.7612315221,-736423.6494410743,-804150.8062905547,-826307.5254671851,-844512.9823938091,-858910.4830182748,-871943.1983012875,-887647.4696439123,-889277.4185881043,-892460.8815759545,-954143.658369449,-959849.8570101312,-961888.6612528126,-963291.7619651931
990960.5018725751,945336.8659297158,941395.4257753328,912197.4941497582,882009.8278305661,854828.7598884949,843238.6791796631,770643.7016322017,758732.6194365877,729192.9720665466,709338.9231994394,706578.8339132227,698271.4774899303,682054.4856220919,674814.5203978284,664460.7602681566,635701.2730857714,626110.1073733973,619175.3560864041,593029.6700482757,570802.641005619,532347.0712975478,521131.45322879334,520132.6420069155,518656.07033142843,509394.4246240235,500031.0812993562,485741.18849848583,467548.8808063257,443347.41778726364,409081.8237056632,389110.14837493096,359427.25552328955,351545.20019180956,334066.2188999802,324345.6749423186,283437.282410827,267094.5021658614,249615.83729174105,242627.65761602763,240424.48478355724,223857.84879223024,207827.7164214237,181184.15611727792,175065.6905005821,160484.8667237924,144130.4277307419,94177.58379184711,86796.58067788044,47474.80592887255,38911.966990854824,-32356.10441446444,-37536.2157918599,-39119.7956917932,-73712.23538510606,-80206.14613003517,-99779.29479366576,-111637.05157120794,-138185.49268482602,-186710.18645974027,-200155.1446882903,-226562.84797615185,-229661.64340664935,-235887.70250692568,-243358.5060308529,-251038.02072356758,-254243.091938972,-260206.70040495286,-269449.7968765432,-285784.87645327486,-291734.6925008737,-311599.34198914387,-316375.16137155134,-354243.4289464038,-370104.25874496705,-417267.82091397035,-441364.48691044364,-487085.09045270464,-504633.613718187,-551839.131889869,-556150.1331634596,-607201.4067023161,-612717.4879507949,-615376.6084450344,-619402.1434621726,-627983.0312007177,-633487.0971679434,-635701.5264200915,-642352.2386044892,-663769.9902056615,-671721.9490067583,-706688.9143415318,-810584.7004103978,-902583.8377246518,-912093.9753416635,-917323.941202372,-939870.2014997369,-943369.3971688586,-985831.2139141485,-994409.9194308022
987423.9319403698,975860.7433795771,961351.3960483505,936109.4609485865,891166.4599500294,881036.5658485736,863961.4148860555,854688.3671603624,836672.2902982379,820690.9411422787,799206.2423290936,792255.2542011305,759907.9228275013,752086.593247873,695766.6850003102,687755.4918516204,659528.1422934681,639413.4181865847,631075.245871257,607487.037976776,603999.9700497196,596324.2040876625,596255.9951895147,591035.7287115618,566199.1269342022,503596.68659164803,500327.2789319791,421407.52913336456,389246.91463750997,388185.3332581392,371000.6320315704,351239.20290155057,332133.5377002631,329570.53508430906,305802.0091425446,302874.8814429962,270071.34535475215,248717.8923959646,243674.279653301,227863.03906713962,213591.94954414456,189087.5865754569,151026.58677642746,135421.37465697993,126426.31012821826,124281.29043291556,109242.32073775539,100760.79261625209,89326.74328904017,43579.575199443265,-7753.415619976586,-12518.291432392667,-21481.335792896687,-40364.77702223568,-68343.64719969605,-71090.46388379904,-109822.62288306607,-156277.21209590463,-158228.51466451015,-186083.17266743595,-218963.7228463865,-251778.7217750604,-254956.88850697398,-276314.18047213624,-301315.1167618027,-357543.8689466652,-358717.74856040825,-404317.257975584,-456367.23650109314,-458885.5889991232,-473513.527935558,-476707.31851410953,-503860.2867246613,-508354.2443716764,-525877.4519669194,-530101.8972240482,-555415.5854312722,-607331.3675303443,-640571.9718924235,-643708.5003882699,-645276.0843291603,-736588.8168719949,-740690.4303012347,-766245.0372274637,-775061.6067204907,-809229.4102072517,-816223.7887852034,-823506.149398401,-829561.4620163788,-837491.0563709664,-840985.5229275373,-876350.167887268,-879127.9946972765,-907932.9626714834,-912253.70912943,-928534.3175082325,-976300.6102675898,-980402.6595727184,-984510.7011898417,-988402.7038825732
926838.8300501576,911540.9560394629,856514.2043721422,851032.0910871876,813588.417736792,797476.2344093167,774924.001353544,741472.7673501582,733068.4098015074,729167.869090294,698822.8791987489,671774.6890038981,666994.475405511,660212.8438626279,647037.4606100507,639172.3367131213,631105.7964100987,606486.2139132873,603922.4465605253,594558.3782903058,578679.7098559937,554858.0103887836,547477.3396771569,547243.3790326377,431125.9604008028,399057.205754095,393614.6572523981,391152.77816907805,378672.3854178281,370344.24109736225,364307.2223947961,311400.34342142893,291623.34135204926,286489.9202663868,277889.9957318809,234332.57729757787,214591.95641338616,194363.42113955785,183392.5101419564,178699.281972731,175924.3762595891,151061.93197910115,138582.6769233693,110931.19563549198,92267.397320644,79538.44929668005,31766.83563791588,-32607.745642807102,-50390.51989752613,-59846.442645194125,-105186.10956118302,-110957.2911274475,-131484.65767240117,-136344.13462414185,-144676.32622626738,-160634.20259999274,-204331.79129429813,-213005.8272243722,-220783.49497410515,-231765.34829068324,-244329.75912285922,-246671.52819443098,-248425.7424246237,-258857.27295309445,-264750.2032412519,-294041.42175428057,-308704.02403246984,-351963.16123079206,-358720.0187539321,-430455.80231763504,-469666.34045424755,-480102.74051638803,-499195.5570428701,-501054.88739750534,-592247.6880367948,-594229.6112406675,-623614.4991504669,-652238.8670312022,-671336.8432152655,-688747.8190668584,-699331.4220809459,-703149.7616261507,-706730.8098091534,-719406.169752808,-822958.3043040672,-834697.0666530873,-836554.1774627445,-854275.3881926656,-915430.065215203,-920529.5579965955,-925401.9920462039,-930981.9479135493,-931552.9450355555,-935290.420262963,-940674.6442802991,-945002.9279386258,-946407.9017882663,-958702.4265657263,-961328.4711567975,-984320.8903066278
990957.1496045552,982588.356019092,973291.4340514543,964135.670860464,938141.2210110228,877497.7446443732,869490.9405627337,814420.0955298266,808350.1585683536,789175.7486836284,766926.4950918506,762601.4332547218,704011.6082498003,654823.2779355133,628480.9165400844,617375.2263287194,605239.2406779586,604924.0782424,576808.655172861,560647.179784043,547896.4421439688,544228.424413762,487091.8940838007,474337.24717757106,471678.3413583278,471310.3345968507,416837.2110377434,394599.89494513674,393643.7466914838,374356.3210418632,350447.76292782393,349662.39166409103,327170.32092287275,323133.5035703208,297628.59980037436,268284.38917573704,252097.2682394504,243711.06462609954,229815.62294667633,228752.15285745473,218448.22962439153,195917.44105864526,152816.42372161685,142838.67129943124,107637.79182608845,101865.31131725479,99940.55861407751,87275.65414891951,79371.25585241313,64489.75013064337,62647.21510882676,51590.8986442883,-15028.246287685586,-35218.767035031924,-43449.0523436612,-93845.9794232957,-95964.92748481,-149175.2475650896,-156579.69769430277,-191262.61906210473,-204834.88045151182,-210842.90794731933,-245023.06803374086,-245431.16236759804,-261245.57959435973,-267716.33699821855,-275686.68590748066,-291976.670736835,-315878.39786571334,-342164.18644030066,-351518.86922588863,-401453.1968564121,-431340.2708585608,-443640.80214735854,-522869.66789578716,-547892.8519676629,-570024.5348906657,-570465.4555209203,-588473.9273008788,-606888.4815998175,-612731.9336853838,-616594.8244077652,-627484.4387509057,-634205.0927768772,-634708.7417024623,-674399.4616556781,-728528.8818988404,-746750.1379655434,-760966.8909196181,-830009.8412850505,-834114.4387058656,-840561.8745005232,-841905.3056843493,-854286.4403850783,-856995.2196732559,-862074.041022486,-867427.3951506377,-889700.5322317153,-905287.0508118356,-913700.8021297778
994813.61658105,989531.1341817982,984594.9517948774,984166.088474985,979011.6662666607,911765.5006782662,907132.4612977686,892091.4914853878,842567.240763461,831678.6519873976,828475.1027373546,816791.5512931999,810326.7333863047,799086.0853221884,763041.6701577895,760507.9558986707,742351.6181764223,700429.0816037818,641779.4029220785,617596.3661353199,604768.9077405522,573354.3293257817,553954.8724729305,529538.4806586157,507390.30573824025,498274.29601207655,494255.4223138341,458988.00674741575,452594.86548475735,424692.8783328172,415738.37574308226,415005.7351632302,411714.77059554425,369517.29089551116,364647.82930443366,318072.970266639,296182.4548567347,260809.318011082,235333.15432431013,216452.3943637791,183852.46778774704,176575.85224385373,139915.94605620462,98930.33153113606,67203.96999146347,40979.403835275094,25002.998593195225,8508.494591873605,8141.0115957936505,-8801.515934956376,-25074.637714746874,-66911.65629885276,-83105.0957550992,-114736.92975021189,-124271.81896816194,-125345.49403990235,-131006.2149401108,-198301.25934976817,-212732.43157864653,-294160.33452073403,-302101.290233803,-315370.1790741903,-324228.5139043628,-335270.0726083837,-347821.32143171004,-350860.4051854389,-376966.0105612542,-387335.7309830965,-388652.19176144514,-398481.0087123505,-493141.69441968756,-536261.0983707501,-544916.5174533376,-546752.8425495208,-553887.7787741525,-555461.9681087763,-575118.8359975109,-577731.6253638589,-579911.9300944462,-650615.0357376428,-657428.5098934306,-660695.2065497835,-672997.7887922922,-695598.7018770671,-699220.2884944391,-729654.175049897,-733546.5104368872,-756931.4985566557,-779200.8773943995,-836941.9144330351,-842246.9197489686,-845591.8769849824,-861147.4448512719,-888926.3113320434,-906418.5629143108,-935575.120534396,-940223.8749499401,-991013.5786827552,-997305.2903905849,-997624.1704796036
999156.1575187016,976633.1600074593,963702.5925528838,913053.9469249458,883951.3683396538,838237.9165895409,827266.2463366988,767250.6184749398,716451.6409801717,695412.030860675,665533.1833796899,625977.0395280288,625172.3310263657,609818.5588359053,589611.5758200365,588285.0133791615,576207.5509031899,566476.725777966,564560.593378074,488614.36681953724,459822.03574942425,458578.6945685521,428613.6408557347,427474.2291449532,416898.5356001239,415975.2514727714,379461.23093555216,374380.7399150587,361791.76599268825,361146.82580189547,360696.42547357804,264547.20864992705,261940.57411689963,258795.22798620025,258005.9607896097,243059.07822799496,223740.25275123632,219403.0786595242,199846.8551020557,194774.5158742934,188230.33840957796,160774.45174887683,160465.53840591805,145968.66499599093,115134.62942337361,104686.93040469917,97240.38829990244,96121.67111412203,61964.31438423088,49973.48538573622,48795.93357766676,48493.11150033993,32521.949871399556,25812.53128566232,-59473.63640919898,-64842.51136138418,-82459.7067325163,-82608.95782978355,-94179.44935644476,-94443.72053620871,-103260.68112432258,-107627.14893655013,-116283.32242488803,-127581.15611219662,-133964.24655919743,-139618.0135008376,-142725.62379360502,-159777.537727106,-172867.981504353,-183233.0993410307,-205128.85512534832,-235107.45386558236,-238090.50520053448,-244166.44196476822,-262735.18227817223,-287943.08522867085,-301696.60419124016,-334478.44966305257,-399027.5998693906,-406657.1949140143,-461159.70071663975,-508493.7983007554,-511976.31235669693,-556298.4048492794,-569301.5754211845,-569572.7154349654,-592283.1500883515,-648926.4902453937,-664915.0030617048,-696197.8851300714,-718954.8701548914,-767132.3101260186,-774419.3213638274,-775230.7108140204,-844220.6485211587,-863644.5786314735,-931610.4801506479,-954614.065330354,-972616.705687678,-997864.2032527933
986013.6310853914,975895.8406380508,958895.6985493787,952846.6161271189,950395.6175266637,949794.9302401762,862969.2984731686,838150.5158253652,819395.7596356897,817563.7171273488,815034.6162168984,814725.7919770868,803862.5632842421,792900.8962856522,785462.2436096258,776001.6639386134,775540.3250571224,717525.7150049582,715012.9740974191,652644.7443233931,616349.1481699813,593263.0663040183,532367.1954664651,523761.602559858,523075.5344326773,454631.7672094004,454419.6099298904,427256.36027093,405316.9594808314,405285.71034212946,397411.1967948908,292686.1461990604,281009.44351368654,268364.32837818423,256343.55416325643,234958.5102753858,212630.45361072733,199806.8628669083,198365.60197918955,175272.74166926113,161481.62207208062,121797.45823110268,118300.53175364528,76008.22546747327,70139.61271713208,48514.77591347147,32461.417186711682,25597.18815787451,-10816.204158736975,-29239.5663976575,-45269.5229780809,-62484.20431107911,-135515.19175443484,-150806.65515758574,-181894.69211804844,-187039.87775916932,-212987.7722368982,-271094.27542632434,-321506.8051350836,-349220.4742806315,-384271.96225674474,-446244.15559782204,-455384.2114669359,-455496.1682727048,-461192.5799238299,-465905.09546574927,-488064.1064800193,-502268.93846213195,-513141.5327304798,-550105.7675597304,-553006.9529540141,-603930.176899415,-608577.9716077573,-620723.8014191969,-636397.0042711505,-638832.513332306,-639803.7444217005,-680131.9079999919,-716320.8426741903,-782708.2601013836,-783727.6148891879,-785787.8567310983,-799125.3325959498,-801823.6702667989,-803917.5002707418,-824122.6843054283,-825645.8035669185,-843692.4095933395,-848827.8011425239,-872126.7119677709,-918200.552016647,-929978.0347504826,-930558.0241741475,-950075.5048050544,-950623.3042041141,-961268.7623192184,-966408.2215940333,-966537.6540623785,-972145.6797933659,-980373.011430435
992536.1003792316,986396.328665467,966852.4027658785,950315.2348099323,920115.3529972862,909690.3575913489,885697.5778624129,874018.7528597862,852821.176866712,777020.959034689,755194.5221801894,750438.9787092584,748073.6433441541,740974.8103597539,723421.5779840886,673007.5859775054,669362.7736571478,586525.7819837164,585353.5907501553,580453.1341897524,569654.1974794012,539918.1188541919,498292.6647745366,476810.31964671984,468577.9585450543,452480.8263110975,442678.8213887091,404104.3056285642,338102.3943157736,337633.7529513547,318747.34059957694,298688.30367607996,290894.9867530188,290564.3822896837,260134.19953797245,252140.55274776276,229559.2060595667,223528.14898535702,206018.17372604576,201722.51794942818,185716.9057517415,149714.26846237713,136095.0935981013,93865.6921290278,55093.42459253501,52390.88134786696,52260.2432185635,-9172.24023903953,-29662.87304504926,-71852.46434953192,-78649.54311593727,-84341.27888727013,-124928.58301739034,-125550.45276406314,-153859.6917522559,-168199.93524654733,-175541.0706441456,-185810.08939256985,-201363.73694209836,-221147.1715841624,-271889.5951111013,-282210.7493836194,-285060.6493855512,-309345.1842625075,-338555.1831354259,-368196.34742381016,-391410.29410319426,-398458.12029383064,-406871.67051110615,-471158.0657096632,-484882.7083571692,-490309.1796035428,-493257.01405532274,-520587.1696340831,-529474.5518110511,-539342.2886043049,-549810.3023319405,-567852.6984489663,-575666.7504075463,-580547.5336829566,-592099.0951390045,-622584.5765815743,-634423.566454013,-663127.9141079332,-678876.0548124025,-683686.9997428214,-686548.964582935,-704618.1335459141,-736235.5587598325,-744926.7729711956,-771705.0738668323,-774056.604175781,-839835.216554615,-905614.8372936756,-963904.9396961438,-980067.2088490081,-989782.6640420619,-990263.4825804653,-990392.8710168019,-998423.8990569164
995956.1278729131,982461.8597465497,976129.7483462619,966896.5732659074,961336.6715244863,942240.602538957,917304.7527706374,873136.3288938189,869257.8803308846,855031.8534804215,769243.9273457297,690443.525214796,685623.6393947767,668533.7614397057,664774.3514751443,646673.6914621855,638613.5459842926,629920.5188051967,598637.9774488218,577096.5236584919,573773.0628962321,535883.9641975868,509861.10646621813,492234.727660479,466420.938528958,449267.31561918906,424880.22704386944,411321.57105491334,401483.6512062133,399096.1351312711,395890.73203099566,383393.0199324137,357595.9012284321,351507.5484377311,322502.25338436104,312268.9394791187,304066.35568290367,293257.3364428852,234454.8466211334,220980.20672350004,183712.90310288453,175026.00200025062,171004.56315325806,163564.4483580524,162216.71965051023,141482.47324514226,130470.40986328013,109927.53482523328,99852.47214471339,84227.94062690553,26823.248467619647,12390.66845699295,4292.721696307766,405.19003118481487,-12139.586268632906,-32151.64606594143,-72424.26385698759,-87393.888045431,-93716.74305355456,-141716.54291280138,-143085.94372130348,-150404.62191533681,-151836.28467913053,-162475.35720855708,-179393.41923465778,-179413.17237432557,-180195.90705327375,-188809.40411056683,-290043.62793945335,-328281.5408705892,-341584.780354353,-366544.19967772905,-385636.92122532276,-402324.6483942815,-406473.72760456824,-443258.5997672025,-444443.185338645,-444550.3916776121,-445695.24419310526,-478728.03904309793,-487601.52741596306,-529969.431793093,-532819.3428909993,-542884.5553026414,-543162.2107876672,-551493.0164888743,-580656.2637590611,-592601.9588817075,-654963.3632718441,-714097.4001513751,-714448.0760187665,-732506.0779168147,-740890.6890927171,-759744.9785993578,-846422.2191525802,-872819.4862707492,-908688.5266098126,-936164.0868111094,-953502.1818237102,-999277.6830541589
972215.7972724673,955975.0479857356,926807.9715867608,924257.5456548838,842862.4864996667,839441.7275528684,836957.1237489847,808823.0057849996,762474.7967614424,747639.8016794245,688639.6273341442,686996.9602409555,673529.6841964463,672840.2905556126,600433.3015984718,593120.6158311553,564967.9592543023,562431.2427699589,544840.7843264244,523590.97477775905,511934.0507307262,506073.7734343014,491982.0824108538,475756.6459040444,445804.32133992505,422724.1603712719,393808.3370474682,344175.98011894664,319517.2795788965,297065.23037355393,277189.9127401889,250956.41153576202,225910.45855966816,225504.8902231413,186912.01703900122,185773.9706647524,182030.53414061177,168619.68226912827,131486.6566597973,130319.9100527463,125663.68658654275,112587.52529713255,109471.64416038129,107171.75323884608,107058.21941784583,105523.66591404728,99961.10938635073,71499.64265906438,26484.043220818392,20255.51016518264,826.3278325310675,346.2479627893772,-5959.630693164887,-30498.95039707003,-44952.77756341349,-47554.866454871255,-106550.00943917246,-130783.38249347324,-148075.74015706475,-174898.11494028463,-221223.5105410436,-224774.49528543185,-245258.68035932467,-388600.95180376293,-417785.2421106221,-446184.31128670636,-447156.6063919001,-478037.5017419307,-489877.7453800711,-505229.04822251014,-505484.34631930105,-512610.3916696052,-519653.4034764604,-535177.242361493,-566634.7202769134,-577711.4043394675,-595093.300752638,-615228.298489061,-654453.2433273818,-655729.8052704101,-661606.5690348812,-662455.5509227857,-663257.8110229954,-719429.3810861579,-728150.7097712152,-762112.3345572762,-765506.8901244365,-767709.2360237099,-770225.6142045642,-794649.0318557417,-806400.1646627958,-807558.9569654573,-827158.1831123955,-837181.2212618659,-844538.2775056063,-902423.8058949665,-910976.369765846,-948335.639125858,-959074.3331683053,-977701.891260915
982460.3743430062,979221.6551412311,978242.1677284562,927156.7562705418,861486.0474885111,784424.9358160489,764730.3654990066,754392.5783118256,644062.4379541301,556338.460602223,546576.0134768216,536839.5941804356,533998.5468864022,507549.0153364842,462960.6850994269,444971.21681584534,420544.94849319546,366124.4506017328,359008.30447406974,329059.03617587895,321789.49507356854,312238.37791528367,300821.8820126066,293056.7158356332,264697.4220915057,244877.42222172627,225764.95679702517,155745.81660194602,151937.656696134,146602.22856254084,94920.36939223087,92484.2698842613,80227.092987268,60246.389073593775,53224.63011704688,49966.743219697615,37561.303630098584,31235.245473276707,20513.333187210956,17591.161195692024,805.8073455629637,-1980.2264567950042,-3082.146579721244,-21525.084055166226,-50615.81645130378,-60548.395880787284,-80314.9488831663,-80698.47317333973,-113323.50824171165,-120412.39860870375,-121719.23402419104,-135668.9764804811,-150021.79314356146,-166630.32527743152,-178791.73560738005,-222601.07513114996,-226637.68522666744,-236125.63788395887,-239255.01422883838,-239955.8229218563,-270339.033854133,-284689.6622222394,-316567.7006389054,-345309.2403025611,-352853.8253071018,-360865.42239632166,-390868.7948623479,-391770.3685919804,-421561.0669597336,-422917.9962495016,-428328.29239482665,-437497.4789148029,-439544.4375556117,-443811.0201842424,-451591.8547507343,-474067.73819432745,-474633.8878852865,-476812.4598329324,-513848.9624791316,-524335.4057176185,-551178.8502045249,-586643.2245414375,-588048.8241110649,-633376.5054922907,-646724.2152022384,-652284.3593313762,-690114.9135131608,-710785.8448810156,-742484.9553776304,-791468.1521804377,-812678.1608351312,-861271.2543542571,-878210.2639656684,-884502.8163181716,-954003.1964674182,-959532.2832052237,-964863.5893991821,-977327.1359170952,-989074.9764978093,-997815.855325127
928353.7725543918,915260.7992636028,911791.4289187384,906729.782716065,901232.2015582754,853573.0190283982,804555.6151804931,802249.5550036358,793012.1733995429,767692.8436640364,744241.5601992875,708117.1276011609,684693.3777101203,684379.188761753,666367.8825999172,621832.8037235474,619255.4004831819,609435.9389359609,596728.5881815362,564742.740547766,540174.974085937,537345.338701244,520471.2961782543,508706.10551941115,508193.028495535,502003.4127445142,484495.2543865598,482686.39807083644,465250.82364610326,425840.1745254968,417872.3285568985,391168.2026231601,382997.8231633222,381470.4847707576,365126.7999576633,364916.805071753,364336.4290868703,304680.1956238989,290340.2678827399,260815.48201119085,258233.86241363268,243516.64194452204,241847.99060941208,240130.14030801994,233908.28039732622,191928.46496578073,145757.4184338753,135794.9002547781,105786.72041886486,102954.51706882077,32205.04738744686,10942.257626972627,-1106.503605489619,-22655.99759444804,-66803.43268945732,-104943.47545068641,-156095.78520814597,-162248.426587287,-173255.19772170647,-218799.00124059466,-229829.39049565967,-249087.1391720384,-254883.7091069736,-268564.24114964844,-296883.65038425557,-298709.59596832993,-306805.2987453538,-346882.73970440915,-396052.89431461936,-400080.46582339855,-409090.32902764704,-421389.2283756542,-426509.3030712594,-483697.82215366344,-495899.19663812476,-508634.619154682,-533881.4816418078,-535774.8149902088,-543744.7293488972,-558593.2564210254,-590952.8322515351,-598540.8913612682,-598695.5421423893,-615921.6068637708,-641108.4678788097,-645004.809002335,-689803.0931993539,-713914.3454411326,-716573.0147147346,-716854.9810816864,-729073.8207061755,-749798.4926781427,-774953.9803036836,-778635.1416052226,-786175.673623263,-787417.5898329637,-817132.636160627,-830942.8559204421,-851734.5189400138,-931710.4231639248
971641.0176862343,958753.6268727144,944975.7074736247,925876.3656157462,887540.3509677956,874305.8986738455,866233.886067362,815940.5758756136,802502.4379522526,792874.4948229825,775050.3501882814,768985.6149837973,739974.2559040133,726463.1556136936,722500.6389421956,691521.9521120875,670492.7764646381,631220.7935521209,598796.4212649369,592220.1260376803,574612.6202253555,565648.3166376038,551547.2925416885,546979.232610205,533430.0574732509,532809.2213745085,499853.4761608103,475691.5226069209,431759.6879359926,424120.94693994126,412074.5348684266,407438.7442932741,401699.2089968305,395556.25366005325,358503.5930860322,347645.13818640076,327004.2346822624,316859.34039813164,314538.48887712206,314168.95320314704,302159.58639131417,300651.8056810277,283927.35374162416,268011.46340359445,261694.49764076364,256617.00494163227,240606.794065085,195133.25756080635,144428.78521282016,139145.84948956151,129637.44269676972,129211.36969668814,109058.82556123799,88502.81510282028,82605.6461668883,80466.26690024976,50940.65767590632,35190.11483895418,15907.998521195375,-2265.2845445914427,-38583.35384515696,-49302.55232600239,-103756.84024359065,-202835.90209727164,-239289.79533279745,-255404.53052509052,-261463.32454340393,-283576.56410092267,-288598.7679880046,-324588.95013055054,-365735.63683387067,-401311.3444809797,-419439.8877538872,-426614.6783560447,-456877.03540464165,-491968.3967372106,-495576.03207778867,-516334.86683660233,-543710.6202317652,-578489.3533997451,-619898.9853658935,-632301.1827279928,-662179.5381115896,-677596.0774909409,-703532.769305831,-759836.6086863519,-788144.8162477891,-794903.9708214651,-803229.4115837521,-819193.8548454752,-832225.4823532753,-834174.8957758986,-857095.3410380963,-926842.6108769621,-955627.1988361089,-956361.9558128689,-958614.1989103783,-958761.4245598614,-960679.7853948512,-969476.3205641863
939118.2144774527,930082.8003227268,915380.5405786005,896391.3503594263,869941.5021179479,866655.3035436617,865998.3665236363,865549.1366966877,861218.0994963965,747369.1754407636,743464.9144415548,738429.7994723315,737779.1701825238,727730.1391432898,721957.7470720306,702302.5771459353,686308.9463859298,681689.4938873968,671637.1546773112,662853.916572771,653386.3956692892,634017.9636139595,628120.5195402589,625643.6049761819,584884.6558191613,542497.8046492778,520339.06701105344,519487.6497637194,510370.8283212723,490125.8766377135,486623.04958677874,485863.8057724619,467670.7131145254,443212.12341730786,433513.4525977208,423340.973221045,413774.65422027046,384861.9081387515,366628.9098597162,363557.2942109436,351831.6460169847,334092.14691339596,322955.290385291,274298.69348082924,271742.67343965336,238984.96567978966,235930.40405955398,209535.05900282157,202861.29149742285,160069.4198081605,151062.606053825,133085.64295005822,22490.988606562256,3520.8087977280375,3513.2283186940476,-20591.392529827775,-28654.062462291797,-76945.98972246912,-78951.75098762964,-107987.8028601826,-148003.00117705262,-156741.69702956872,-178057.33262281073,-179920.53775396233,-195725.41169898084,-202509.11787853763,-250418.80450942938,-264306.6902966547,-276743.95396512817,-313482.2021791277,-320077.13504908455,-321260.01148896816,-326299.2134966769,-329648.7423588892,-364901.70935158187,-370575.92509550205,-374871.52008776483,-420298.6726245044,-455797.44846250094,-480426.3737773493,-505898.90819668584,-508839.0601147559,-559746.9389716987,-581019.0526965982,-604437.5946505051,-607959.8126366661,-611352.3340731624,-626280.340130575,-637364.4670315604,-644184.535133207,-660714.7183254987,-723694.2926906128,-743952.6739040605,-746194.8509967413,-747435.9152306973,-758716.6771427016,-761721.5144301932,-778604.0410808035,-865349.9946579421,-909884.097218622
995500.5510314521,976702.5493083964,953368.3626762582,889199.8144847963,856122.6611355678,843476.2990290485,812580.7383591577,808087.1115479227,792428.1461844887,789497.8762855548,788336.816023818,762030.0423953726,754830.303437223,740942.2919279889,740096.319438328,727532.4451115397,724493.0540469524,704055.6010856398,699192.8973651677,664659.1656982182,650646.9870611308,622327.3735341372,562924.2645537737,559003.7666220381,555499.3397340733,528484.8949562826,501719.11533862795,500602.8834150792,498235.42878129776,487357.80078947777,459469.1006825103,459441.80121033546,450107.9146103298,439903.1224700459,429068.7009427878,367223.36260266206,337540.91564530786,321281.76265339786,290894.94065563637,239936.44192524021,239866.9779335123,209997.29552129726,193500.20731982565,188946.74363093125,175077.43282247987,160453.07261954644,137265.05109022022,78057.72153103189,75237.26534296875,36308.90676503151,5785.777224066318,-1438.4219068792881,-6625.81174349389,-23086.359092478524,-91560.39966231957,-93390.88876954874,-112605.06708686217,-122901.49326647865,-131386.59122779046,-145576.24323367153,-150187.5821203338,-164257.72973051365,-233194.83838386403,-308688.3293306064,-330880.53296418954,-355725.9076127047,-388553.4411445393,-413872.9044632596,-423647.45232235163,-482691.401559497,-492962.9357860068,-500131.6712841266,-504029.4500773055,-514604.73497102765,-518040.65658800915,-582946.0926321391,-596571.7379230175,-603234.3302484273,-642032.4881135295,-646782.1289041084,-650411.7438896615,-670006.0353196544,-678898.4788873105,-690443.5944325798,-718281.1154909197,-760242.9539396451,-773513.834602795,-796820.7269201217,-851468.0209680059,-864505.7353230953,-866566.4144005172,-892409.1613674989,-895885.5743990697,-906227.0789019573,-907344.3947554585,-910526.7876106864,-964578.3676690274,-966518.7063134353,-971350.0997714977,-983527.4705212542
988763.7041589983,961253.3273245369,954866.5666695128,939681.2901966695,924405.8965011195,896368.2804025719,880098.715501369,846587.6875791643,767519.525306927,719950.2416466787,644745.2611047314,644089.6934800509,615291.0900943507,523426.3336597597,523333.492070172,501247.9512399214,444140.4632286171,442316.5649204799,402893.68661148474,390621.4851333925,361101.2978105517,357075.60365191894,319945.7681441356,267412.24448104366,260826.70528274518,259716.09827005793,257326.02894327883,251062.39091379638,231613.7222337781,157853.07709471276,157410.26364811487,131638.30970629305,130401.56595401466,73695.8300018995,70667.87321802555,66699.84270481928,61565.92822672869,54668.52315026871,39735.11075516464,34053.86281337484,-817.9298893682426,-31319.872508847737,-47554.20121815952,-52500.84964520659,-59001.905183124705,-75237.76342176739,-92315.90801056579,-102550.41338235291,-103034.15147312835,-127951.12448586128,-136166.26459350227,-160030.75095978333,-168032.51739992423,-184322.58462994325,-260653.61682468175,-272972.9886235903,-284276.53778928646,-303435.7433593618,-314214.6945079663,-326582.2061586208,-335434.06374565477,-340198.0364036885,-368992.01018711936,-370110.0602526526,-378842.4800783541,-380584.8710774038,-404190.5644277963,-429093.65840794705,-449215.8466832683,-490031.9264635231,-497247.24003570265,-501809.89769225294,-565160.7011804369,-566178.8441547172,-585570.2566111649,-585740.7042576317,-588758.6568436578,-642085.5375688132,-644756.4007228822,-649540.5822835483,-666927.2409052213,-690860.3189225475,-716509.6173002834,-721087.5002055721,-763398.2604428817,-768449.500476599,-792619.7631240655,-794991.0527354676,-797432.4864204878,-799333.3159020486,-822165.5375025745,-824621.612225857,-850106.626201575,-915779.3605334477,-936809.5606394131,-942904.429407359,-950339.0592412024,-951724.7360059791,-957941.3503255927,-961466.4448328072
979640.982916479,977075.3586202567,949297.5937842971,947723.7935987154,943333.8112109161,935560.4798687075,927368.3914437166,925762.1835174544,894448.0515577453,893918.4345044934,854679.9879241658,836959.3258305027,831102.343961745,820070.4914748832,815285.6051881202,761305.7445223848,734887.8765452337,733738.2554450489,727022.7943704589,724300.9809972174,708880.3609938193,693809.0012493031,683765.8358209021,670107.3064721813,662930.992693204,660382.4989356159,600257.4081929848,571507.0407943795,546381.7175363612,506933.0474979875,474647.66599531425,460119.2713061017,443822.83007742465,437910.8684415077,421181.38810467185,371330.59508016496,361987.9943350032,312799.0855402325,310060.43023479683,304786.59764109435,298336.27718411013,297748.1699142582,297446.97306938074,296678.4742079084,279690.8188210239,260384.98467028956,191016.21894851816,183218.68221469503,168975.19739408605,129637.84961664863,128932.30083773355,121025.1687380597,85248.92455805792,85181.57708629617,33762.53526666504,-17340.14002868184,-39886.50585185713,-55758.429829363595,-100923.31994945032,-103918.1291325679,-111115.70061502722,-116655.39344531298,-123136.14406030288,-194685.6793195986,-204770.99761497125,-212353.50685096986,-296925.5814609502,-297619.43453242327,-318409.222454324,-336911.92107525957,-350172.35466304794,-354967.53737109725,-390004.7971159122,-403449.32398984197,-419118.93178862194,-426586.9834047713,-446157.63662957435,-477649.27389418375,-484364.05190691876,-493697.7026683296,-558048.7366576227,-562554.4348663657,-578408.6674609572,-612731.4396997932,-703381.3275064375,-719130.030273816,-751355.8433866652,-765194.8527608934,-771426.4314563624,-817264.5168857055,-821443.383706012,-870612.6680504789,-876047.5090150752,-899819.0054409197,-943950.2898962476,-946694.3506937686,-966574.2348249598,-968155.3093342201,-982429.3083532623,-998174.1767743451
975913.393002368,920016.0798891627,893739.104031987,890886.4168649302,883097.498800687,882597.799180706,881338.1880113671,878603.4604828488,874841.5072755944,840000.1315999124,837125.6804961241,822979.7939318726,810437.0956055366,810179.2058899465,774434.6623065374,761688.060745507,752422.4376956802,688434.8985254117,675141.4662175148,662139.1564982354,627302.665903446,612616.6275534949,612151.9245077996,607877.208981816,598459.883578782,564692.3669982131,543228.4112337905,538614.3769817492,517149.3024571764,482779.27109244955,481305.3213953932,450901.9924859151,413928.76147187524,410072.52246287256,406702.25093938503,390609.9863720136,382522.12821606384,379820.5403953786,368545.99661980383,364145.4099496405,348029.90861953027,339038.3898707146,298556.5838126503,285717.2333677022,278458.3748857081,276847.3984162966,225940.2070048696,220321.68714113277,181986.75475575542,95141.20987862791,37866.64746463648,-32185.082713283948,-49075.77185085649,-76763.59746463923,-118098.54058389703,-119274.84209288307,-142564.19469606562,-163346.3078222213,-176487.59107212292,-198368.62933992408,-207539.90167998988,-213386.31383752695,-229227.15333928354,-230020.12637240626,-250327.4020011985,-280028.8426171193,-294400.76433192927,-295947.98443687754,-306677.5075953099,-312459.80636018736,-321976.77509304776,-372162.81002543354,-385997.47100320633,-442763.5539790051,-464587.4584447305,-468589.7420808212,-504687.2808216052,-509103.84252857143,-516505.822146611,-520967.7086196218,-524372.4043689398,-530634.1265270954,-538844.5613288033,-558124.5684680125,-570556.3558409252,-639472.8161984991,-650368.455606068,-669557.6894320215,-702178.0166360068,-707610.5631363955,-711712.1988466321,-717809.5469415172,-724441.8319048771,-735987.7347803629,-745579.0137305027,-759775.2265971825,-763987.8793976223,-828282.3717266065,-886682.9266878618,-968034.2408000198
980080.1088589437,916915.7344988149,903277.9879151548,902131.070658586,879806.3107073344,878224.6030796715,861874.0436257259,857851.7390337766,855088.2423537134,852217.9100353045,796942.4505144949,769036.8357336933,755729.306633773,754100.1193595657,752892.4102489161,735284.9077911947,720153.4261853024,717792.1155479858,707974.438217039,697063.1786063972,626844.8119535025,625809.4394574361,592781.5267283295,592173.3748342616,586219.4438275709,583462.9804682969,574487.8300449415,479879.4596233701,475890.9836037571,460736.67645975924,453710.09378660284,451230.13936765585,411552.513334278,377660.795881524,352616.49035976175,338216.95813656365,335367.9007780694,333725.0473733733,330862.34459253494,315227.8671784515,273535.39707570174,225748.54994769208,213286.6475104671,208799.72340530925,180729.28490840015,168582.8516656186,145739.9576619959,106669.66619545035,97215.58699111734,97000.59130150732,91541.1339371812,39676.46744003624,-12587.236133015482,-30925.41517558752,-40941.215362549294,-44220.44308220688,-48856.51649444166,-51348.576749115484,-79977.93046697369,-81319.78068220417,-91585.73418293556,-92003.30549754668,-94079.94579296175,-103985.72443217738,-105038.31555617624,-207071.71921115194,-232291.91441690107,-271902.8669114491,-293981.76798442414,-340226.81784318504,-342396.1895638275,-370794.78879098373,-378730.2357850091,-409235.70648779627,-411503.19461385184,-418969.4581767076,-436519.827554871,-464961.1860514475,-511297.91540545155,-521079.01967743644,-544178.1594367602,-551162.1993305194,-592639.4635199483,-610288.669469293,-640282.6788178678,-664717.4685712829,-702685.9667987226,-731292.1750457084,-738555.3142408201,-756170.2764560357,-757711.9007977953,-783084.4694083747,-806129.3468554318,-816800.5283350628,-819281.3699274495,-828471.2926185796,-883451.2705303223,-927233.5777443738,-959141.2322863833,-981711.220066077
945042.383350038,926691.2834017589,909456.3488677924,829133.1720930976,821604.2576535535,812933.0539018901,797698.227760416,771104.9145344333,715898.5028749246,626019.38470274,616728.4589581932,609832.3085898878,594577.4917803747,591136.2165753751,580402.0310729609,552522.3208567735,550633.7224028714,535275.8493475025,533440.0221910821,512042.94128177874,507732.5728841156,473238.96279709856,463699.1774778494,448663.5927641259,428265.8764190418,401005.5067732376,389758.5567803823,356207.7666188893,341835.19056033716,341120.8730524599,317319.6913028895,309221.1858224184,309115.143582545,304689.70728491386,300182.46878845897,273378.70444933395,269378.55789451883,250001.06052776682,190672.8155322189,164395.61940170988,158149.8226209944,129110.25728353276,105124.71923482744,85764.21750568459,78439.11814629822,63532.19472726248,55683.52834596252,50834.88479044102,49667.078288973076,22424.850830813404,-62293.340482775006,-119853.8380801637,-147973.73065501323,-191166.2234014395,-194771.5259453411,-210933.75531309855,-225637.01653460576,-234627.00653250178,-237786.56436678628,-255031.31118009076,-332003.7381133849,-336913.92019709945,-351954.9668118737,-356036.63638675306,-369174.6648829443,-397913.54411213216,-404370.0435375272,-404608.5483543407,-447503.24697509187,-463838.3168409987,-487437.19869979605,-537063.8380161001,-559318.7177082162,-577268.6133660416,-585976.0312830498,-601453.034823576,-609899.0114091854,-614892.9327559858,-638941.4559829126,-646034.990793301,-664259.629665669,-670832.3311822402,-671332.91312292,-692720.5010440769,-700593.5130574916,-747953.5832224473,-804197.9226310377,-811842.9106469711,-818082.5967959235,-848899.5281994855,-852174.9377771292,-875309.5949880816,-882828.6079958898,-899132.1063251671,-908278.1666615988,-923292.543768732,-973658.1769931985,-980315.0332441508,-980810.3086512007,-997737.0928648936
993456.1888282476,977590.0343244774,954543.20277313,934525.3270772262,925299.1030942772,919003.6480219208,889822.0173159193,870853.7112153792,784166.6074906015,774220.9764137678,773483.8194163474,687160.8944542003,673112.3227401155,654400.6249636565,649770.5024155071,642399.1059469844,634452.4476215695,633959.4424190943,633697.6183528828,616020.034805222,582130.9182802385,555457.8418735312,542986.044705194,536721.0893665303,533977.7443024411,498418.0435362181,497069.74393713847,474133.8908924714,463036.5923024358,459691.3526321701,427971.5371767825,382853.4157183147,380270.7664017412,372587.2363046224,325108.4530169887,290879.5875260716,282637.09457646334,281106.277057647,269740.4600695614,255655.66265070438,236442.29433956905,233346.37433583476,193987.7728144389,142893.87634624448,136423.46864248696,122955.76047224225,115717.2920113001,101737.23790975334,85767.85491010523,13697.06787109503,-415.58829919295385,-32982.67931240867,-44015.01401021553,-47302.54703274637,-50672.59164449724,-51916.66978982277,-64410.66569653747,-65962.98835783673,-115157.21576947358,-177508.35862269625,-179050.80969265325,-218848.32015980373,-255643.55166271422,-263684.12184568273,-274405.19877232367,-303673.6171293062,-303803.4113920365,-315577.93458526605,-316683.9789535343,-324147.5524782762,-331063.9161906522,-424205.5489399141,-454782.15049153275,-476698.39012497215,-483129.35014290235,-487094.467051284,-492970.4100120384,-498166.3245921191,-522483.2936694157,-526425.9560807137,-530599.9682682625,-534079.7172244501,-546896.9105788067,-560771.1962463371,-564358.02721856,-591830.6879738998,-686366.632842962,-706212.3722476938,-717725.3106296179,-737940.4490650012,-741754.2847638081,-750592.1547550354,-793392.1131626613,-798012.5127143225,-810555.8946319891,-846718.6796657324,-870605.3599522772,-894026.3404970452,-936240.549242525,-966161.7806293652
981963.1101685665,963147.9395557237,944662.2626241948,936528.3210112187,929753.0828025362,926237.7933056145,885774.9238880277,885419.5276482785,872792.0969963719,846127.8371660423,840375.6636649168,831304.0840412143,828148.6494084408,825495.0028285279,810200.0373439698,809684.7379367882,802686.5842587706,785994.2066535896,780298.7958546954,771500.9297077148,754978.420981352,738075.7454203067,724395.5445165574,670564.3082710551,624924.9719262654,608496.056151025,588612.4471881026,566736.451963272,563670.4914252304,509331.1329548545,491340.26616005297,483851.3287976403,452101.99736590567,451000.9041518222,440600.15171078057,356412.40265026316,349647.8083078647,336651.33940638206,317267.66215194715,316114.2575589027,282537.6266628322,281791.3063963074,236993.72726831096,228913.07857007137,201900.11116031464,193716.88798848586,143564.966101608,122410.54214706179,118921.30037439149,108484.5398640486,82308.18713087519,29477.728006963618,10694.28745402873,-4160.26119829563,-6052.245361396228,-24393.752780835377,-38832.80145691545,-104162.5416600433,-134114.82085426908,-147376.14781382843,-235750.55170860444,-243625.85168216412,-269630.87169275736,-273472.87793394143,-289271.1055026023,-290882.96792516194,-295635.6494379444,-326640.1219346826,-339989.0457985564,-357223.59134378575,-372507.33599393966,-372943.3403765365,-374930.59103455907,-386303.31705661747,-405849.0453506842,-423326.55533881125,-437267.66419232124,-466947.9326846051,-474706.3905501085,-479466.86008481466,-480880.167565761,-527870.8994660781,-560855.7836302535,-591713.9978765498,-642676.5741864275,-660148.133020076,-715060.1382793025,-720632.751672831,-721046.5921430609,-728978.1917196856,-754445.9316506633,-760529.6106925537,-765240.2518936275,-770714.6861816023,-781696.1007954861,-785161.1670574032,-809908.8263492185,-827628.1533626935,-866446.9135119936,-902897.1721657414
977209.0662817394,973968.1702119098,968861.0787699071,956695.673134913,925411.567657249,925180.0033335942,908390.5615238082,856553.3518165452,790831.8017579492,753007.2896986632,751000.6810705613,703927.466929906,703899.8367412232,664814.5294585617,588615.5963630113,552135.0516108407,528718.6780697117,496654.96852677944,470176.08435312496,461971.2010926744,442092.93866558,425908.7989866,409485.22288505826,385813.7476877223,350325.0319350187,346711.6957398297,332634.1362409021,276547.82721676887,253719.30638555228,253492.9658169488,221347.94091086485,219623.66395840142,196344.9587422451,194122.49134770106,145665.49120983086,142390.77196929208,130084.81362132076,114412.67142377724,109900.1845804709,109402.45329747768,103674.73571565328,85838.70218895096,67105.14887086698,41942.11213993968,21754.034776401822,-28281.839266526746,-52075.83417343837,-56814.89007897151,-59855.860786911915,-80211.10564682249,-113615.7264166195,-153970.6734043475,-158536.3289133825,-222158.25745016767,-230741.13750555075,-259367.611781828,-278164.42808493203,-285678.8624785278,-290231.0567686333,-307320.60515556077,-309669.6366906739,-317078.38252253877,-326667.140483837,-329980.5397182902,-334158.7903744419,-358647.59033659624,-364785.03429221606,-382662.1690888923,-383359.87742921175,-388376.082859442,-407528.88035513554,-424588.10799670045,-430074.22337423405,-436786.3160089967,-445919.5311577404,-459088.6987420537,-476970.25122926995,-479345.65346312954,-481765.5106405603,-485715.1669837856,-574351.1866370298,-609263.9205386078,-626952.7682665612,-629456.7733265766,-669843.5605926863,-704780.892649423,-712763.6183605717,-715955.6659958586,-725406.764008329,-740010.6159508608,-743629.0080101127,-745417.0053912416,-779079.3312585325,-783310.6300252242,-816408.7012698009,-822176.7642600657,-840421.1488892492,-875461.8714155984,-945007.9717144431,-954154.4233992446
990408.8438842401,968803.5547771226,956046.9114814345,955603.1176089821,954396.228360473,853672.2287067843,838872.1902526973,782658.9361752803,779678.6574227025,691249.0449539153,687441.4441385302,630404.7315074289,558783.8822148705,545076.9236606585,530164.2326235247,498645.83018383477,457115.81417860626,446777.1474570078,438538.6405433109,367996.4448048158,361650.29138218565,342909.61347255926,336901.34551807423,336692.20488252747,325829.80496022897,317510.1744655906,280424.56311536697,273932.09411243955,258695.54701638664,240264.59770614654,220639.85523657314,162280.05362150795,158137.28030041722,154425.29752790811,112099.7577097863,96625.81240657787,95761.08971556206,77515.20290038083,69996.29804514069,56186.33447691146,43954.991151856026,31705.65391273098,30464.644600372412,26830.463559899013,16114.65744995512,15930.511619029101,14937.654019691981,-828.6533458301565,-8873.662483483786,-45005.65795462963,-67404.61722561065,-68899.72664730973,-99782.78753162664,-101358.77276199777,-105253.19059680041,-113693.45572310372,-143048.48205764836,-187251.6540469702,-225986.10771685385,-235645.96970150364,-251525.2114694249,-264803.38646857545,-298815.8512020896,-322145.5430697524,-322328.0043339103,-331150.3011308734,-332763.3565158141,-392242.86249654833,-399401.9460888738,-409716.88335313124,-460874.7412025919,-489554.18366751634,-511052.7162302958,-529754.0870883515,-620849.0895729035,-638807.9843721229,-673928.4977934206,-688710.552692476,-693242.3470090736,-713911.2904818233,-715414.6426058015,-763092.187587086,-764326.509140163,-767396.0884548998,-767843.1087390303,-816791.0151541771,-820999.7907082492,-829128.1079156308,-831399.73951634,-834439.3780699812,-836519.8454074458,-836872.2808279998,-846319.5650611552,-859403.6998617728,-868399.366394686,-870974.4346713541,-899668.8843036895,-903935.7528715129,-937360.0919657532,-993887.7705098639
972709.286526974,967806.8680706739,934992.1046516635,924998.549389493,906196.8379003755,901837.4621419893,860685.8792224235,834334.8294569072,818380.3985891058,798165.3621134888,752814.7393910454,729826.389518712,700187.0698603662,676595.016375405,654154.5434126109,650642.2227939046,641816.1658088733,634103.9197302423,632777.7664311575,632445.3248948082,613206.8269232798,594794.6136361321,573032.3571651776,561267.7617909717,553689.8175799921,545057.2290641346,533740.9684442484,531971.2065143592,499140.35796296434,491939.39095059386,453221.41545350896,393874.4526621753,386845.69116099435,383339.31864423794,380679.28746501636,348650.6073848638,333619.8180638582,317418.3415526482,285450.0284136392,281448.65544624184,238272.50228452287,210462.84707799158,200606.30899971514,167871.91040057968,120766.78396484698,113744.85249695508,101859.33149790764,90272.08221967309,89766.19932014705,86033.57191539789,71747.6206393938,33947.7016806209,11181.983961375547,-34241.3996420101,-38095.250572062214,-60342.07800621982,-86049.81162100227,-89835.92870835855,-145718.37862982776,-172072.50789886166,-218790.89249390166,-231447.2112349806,-265114.85938996216,-270127.5374545036,-275477.3537619541,-280607.2101413035,-328063.71135941136,-346453.62627563544,-367064.6183651909,-375632.9128954279,-376802.85045034264,-408253.9052032492,-421271.4875465167,-429620.97571187536,-587636.7766880922,-609228.4049209824,-611070.2870717382,-611767.3218655114,-643591.8431489991,-659661.3531362088,-667270.6249924647,-678201.6383333851,-685132.5984903006,-740498.9126894217,-768722.3313729134,-773236.7604458315,-824109.2500518496,-828833.5160107003,-829035.2098963163,-854874.0770109685,-854949.9145070629,-895203.8932402766,-907807.4940213669,-932579.2371576447,-938169.2606009657,-948710.2850950711,-949326.1889345786,-974114.894458604,-977295.7386219485,-990652.7677734043
989624.7902753863,969197.6324227029,968283.4768994376,923700.8078836675,900825.0176581186,882059.9760956806,856022.1000021119,760842.8126603086,754238.587828378,672482.6190523976,662713.9695850459,647988.5881352329,629591.8828200113,599326.4041933792,588368.4272682562,465086.37577974447,444053.2700104569,431850.4784803123,428523.18712147395,406796.12847936666,395711.9413610301,394634.17583052046,392005.2779585554,385756.4911116904,347688.49016815145,346432.19312555087,247834.11124811298,246528.13140394865,229588.1242932391,211222.66804601508,205993.1801528593,152327.63795048604,150307.61720340024,120122.41074417718,103165.07514407323,95082.62147053354,87259.09041803656,81868.26795221586,76179.42043282161,72179.33014094923,57461.635964448564,55535.90369620989,51217.09769919887,-8221.718023960944,-22311.581177149084,-23344.917331953067,-67996.02844531275,-70011.53902231774,-74250.40694978577,-108705.95058036444,-118603.87809167849,-124065.07613362768,-125130.45768027741,-146945.70141298266,-165531.40451421507,-192215.22249740502,-203145.57280391816,-225236.20028469013,-253614.24121203832,-278717.2223437899,-291975.6377282876,-315024.3397841484,-338810.80683840613,-340739.63919740205,-376426.2894007991,-394776.9931843295,-406236.9393412897,-407475.4800854963,-421858.84359798883,-456414.77272277523,-508420.41506316414,-508832.75890064315,-540980.8777962013,-557451.6764790649,-565608.6774712468,-573461.985465792,-576071.4283007625,-580766.5605361441,-590387.0217117737,-607163.8322772514,-612222.7237680173,-619427.3861999989,-639811.1316354076,-674536.5621410197,-677347.20415444,-685386.8272967557,-702261.9868565256,-723435.1598808853,-739211.2574524261,-746327.9643842862,-774269.0337995635,-777000.8874616877,-778736.7365049245,-785965.0433040723,-852348.8684232148,-855215.9252333114,-875059.3129201713,-918655.5199917739,-950030.3249223179,-999521.1055591987
982660.334919953,971740.3959298627,968724.4663217012,944150.8044783927,935537.8071295049,929959.6849085719,915407.7991128343,907254.2806486739,887553.2702894097,885923.0035548448,873107.4161169983,869040.6519646449,862362.2562843568,858059.6394316352,853850.6685406265,827624.3441395657,799040.2949708339,798218.3227987844,782030.3726572639,774620.5438271768,670845.4708346336,639151.3314356883,604209.6877866795,595323.9064228341,586646.4980431895,571993.6185953154,538853.4570155062,537890.396237128,506102.7108552074,484124.7434061747,459066.99751588353,457349.9518542427,451877.4178275021,384528.6196604192,371364.27256874694,353408.7064785124,335480.80696392036,325496.1206483245,293382.29964659014,284760.2534752507,267882.1497568628,223536.812554874,220969.4241214043,181362.6842491615,145593.0051982752,93755.5251710841,86965.89274791302,76491.25951881171,73367.30023352895,44353.36660480837,11284.73574145895,6775.134393515647,-19768.896362901898,-32062.121678839438,-44846.101522464654,-48617.50643172383,-100650.46917460556,-137139.68670706137,-139705.33822464407,-184199.90243341378,-203372.62571016536,-210081.2851303619,-212503.770490168,-232155.07904665777,-249873.96594250738,-251103.7406690257,-309529.44629451726,-344062.7301187087,-344261.5512340885,-370232.9097348171,-420577.0490593561,-469740.5120503049,-485764.76689882367,-488686.7328283755,-500376.5778496907,-519497.27307394444,-522032.81287256686,-532173.2394424048,-536292.8803048693,-559277.0933413605,-612437.2390319161,-628867.3893029537,-665350.0585231669,-668546.0423733642,-679319.807053163,-691427.3904268,-720604.1394505457,-735177.2421104439,-748037.21965286,-757034.3300108488,-771602.9738456856,-791456.5448469975,-807447.4813308017,-822008.1582961087,-828872.6724035887,-896053.9894324313,-951832.0616173537,-959269.3389193354,-986627.4145048108,-992581.3308360272
995518.2753387725,976922.8485851826,958177.429759369,939674.5876012859,917412.1274353531,868960.7564414369,862712.0082355263,850928.9876815067,844628.6874925173,817740.6153918437,787758.6443464966,773751.0930816971,735127.631182261,663311.8812022919,661850.3922259759,659126.9995245768,637765.5851032487,622391.826934712,617690.7747653415,616317.8814031959,568586.3860415209,555065.2843446503,536149.0261734489,516661.3988457252,514091.03190961457,492699.2099959017,486196.3455749331,482525.54071127647,439146.0321225354,437525.98999658437,427235.5251034014,402758.46726937476,333099.9317728884,323063.2465098691,287268.51369097596,284530.83614506177,280819.42491961387,277941.2885370108,261573.09511247836,251622.69708272512,246027.5841092104,234501.49756496842,222525.51874760073,215399.47790196538,191580.2551900365,188480.47899893136,184865.62370031024,155726.58639959176,114827.80889075529,65902.89667687821,64912.06256224867,57535.19087565853,49156.562440503854,23870.72017848934,5339.951200820506,701.3403697743779,-31139.040556796826,-56704.5588459461,-76196.55784338759,-125702.50809244148,-127883.07700978965,-203235.64764996443,-205157.11940239707,-222745.41765279428,-225876.02390274394,-229825.86200138775,-258924.8910647612,-280972.44919965055,-295874.9383897687,-319653.6459327914,-417000.1416837581,-454480.26998517115,-480683.1599761674,-502140.87642832974,-507671.79955234163,-508437.557825669,-513259.4785659925,-534951.6194488583,-606115.3812672071,-622785.0520411087,-632827.6093135219,-645332.1838749027,-646259.1948875764,-669957.774629151,-674235.1173331519,-674692.284835486,-734044.3308899144,-734394.5017338707,-749202.7342824601,-764975.5005933985,-775309.9926800544,-791035.5921681405,-809418.9125368443,-842617.5782761653,-852669.7888329,-900073.6347813047,-904219.223377184,-970549.3218895494,-994344.9059854303,-997962.3642154918
994941.722699929,983758.3804663687,969817.7506963252,941852.0366044799,915205.7865981355,915174.7307856178,902019.1985212311,898488.0377766124,890585.7644983188,868533.4322695658,868287.1267889342,853937.5233591055,851940.5693039475,840702.2773773316,822592.0760156249,809395.720660249,774413.8909366557,764118.3173559324,751014.9092060227,724866.1045689045,682835.4499386768,644814.66243311,593484.7318834609,509247.3939326259,497370.4624619412,486035.6914168799,426840.1585576779,424863.62683922774,408212.5139219023,352448.26198974275,339437.34653675207,339425.1519052435,311131.34031473845,276250.89500797074,238322.2293236307,200973.20329618594,197718.1396222033,166147.43131112587,164515.36321291816,154759.1262125636,136282.31002460234,121429.03245419823,94446.34147771308,83399.13245844515,82580.96877307538,69640.9559651243,45327.486257007695,38297.74902429478,35160.07055146899,20086.093799505732,19362.075933543383,6702.648004806484,-20581.369967729785,-22119.720715690288,-29818.168162185815,-34206.94395296532,-54962.31883960997,-56742.340369228856,-63513.711938832654,-126486.11929213954,-138668.81286907766,-141354.18315619824,-158034.82678089687,-167516.55225227564,-169608.76257371658,-178030.85822836182,-221081.0373936434,-221357.43605598446,-228088.79245588742,-293148.98232652456,-353744.0800023966,-377071.39848663495,-417095.21922268707,-426021.4438968302,-432157.5456890074,-436816.8385191971,-514936.9553302241,-537137.5913061951,-544699.5550535936,-564627.2081254139,-573366.0933334213,-575174.5560799564,-591841.010573315,-619848.8963472662,-633518.3852913151,-641929.8420708748,-651325.3992384194,-652834.0328061952,-684582.2954729018,-698343.5658406664,-700322.861002767,-701414.8211260947,-769201.1019707457,-774027.5659413354,-809305.5939294654,-828185.5809945986,-848103.3146272006,-860876.0482618507,-935017.4914941855,-937893.9280542803
981993.9284370816,957598.373263475,933693.4927842768,915119.2411377097,906289.9627905264,904597.977602385,882094.0047702009,875168.7808733559,873581.2451979984,820918.3375276776,809451.8786642512,791859.6767993497,734357.9966863799,720832.6124112366,688875.0147641622,667918.1429464563,661670.7601682022,656391.6412264234,630041.7365882865,584716.1574276544,559751.3444275148,549139.0600617477,523181.1664275881,517587.79716764507,497094.48814626154,476416.7841792174,468583.22321575833,420397.7352848835,418516.0367326217,409801.5674579218,405020.7623858047,399770.00463758083,397111.25049081165,388525.834912461,385360.84973174264,335832.44800731284,331291.25362229557,323495.6197769621,305655.31926384754,287847.94028016063,270055.625587855,256356.95762719004,198935.11401647795,153226.38629711373,62679.757566419896,51142.65248424886,-51917.40070737549,-64403.85150724801,-64998.08555595949,-143782.45785465336,-150381.2215054239,-178462.18919613084,-285757.4107911334,-309937.66384760616,-332682.14802189847,-338638.96366126765,-346630.2876960458,-388989.0521324497,-392165.6684249486,-393205.68787531834,-413394.69827309006,-415170.78654110234,-416975.29070201167,-437029.7799285534,-448526.5263141054,-457091.931799239,-457162.23399594275,-457565.97178550204,-479816.244928031,-487866.1837317218,-488046.62991163327,-494072.0445285205,-537862.3079142659,-557965.4896341343,-570647.6923893909,-574243.9138468347,-576977.6700370834,-580833.6430123681,-585227.835636565,-628059.3108365377,-634422.5283546711,-676088.1746790719,-702650.4251029096,-717684.956955285,-721110.8069753898,-740527.2207394313,-746662.7808838733,-752243.6525639046,-790283.9992693418,-800973.49746555,-822977.6854070126,-826774.1636142894,-842801.5631487162,-861158.9837098807,-868742.6571067834,-869096.6008668544,-944822.3861582987,-959726.1953015816,-973220.433491524,-992514.5559850528
973660.2848920005,939850.9940880626,937244.0535640905,931460.352286859,924384.6260203279,921312.342642905,898019.8821999037,885527.4736388738,849326.3564862232,842558.4120520232,819425.0342412903,812684.883374623,806259.5827548234,801372.5308962283,755220.1310157045,697452.5942630656,696634.4825036803,689535.8479815954,647739.997840855,630630.141019159,566126.5284235845,542508.0757232071,510040.25629034475,481692.8903361696,448004.0026770062,440924.6279757747,430275.804947149,357134.28964205715,300086.66311172256,299809.652728735,299067.64873863175,278621.8496733068,217398.93361134152,195867.924327153,190609.6095443978,189054.01551802806,155398.62697542878,135745.18471850036,97547.6878638193,92858.95234079822,92232.30520994053,91781.12707471987,80169.5318370196,58013.11739075696,35755.16168230574,23791.112149142544,22205.64435472712,8767.94870450208,-13630.197073532385,-23596.821842541336,-50155.19788114005,-66092.19280143594,-91320.3125096052,-91730.33894988755,-92276.03943006322,-144586.1596352103,-171424.95079254254,-194294.77510697208,-228549.40511645004,-246857.43285604694,-286392.8344601578,-292444.19889229967,-294889.09823418234,-296527.15641427727,-304843.1840476538,-326803.4060104636,-345284.4441073,-362110.07399593,-365716.44291086635,-420087.069771969,-423682.4068725329,-449321.47825168236,-493851.2728638298,-503121.9974193899,-510430.51968193654,-614936.657881262,-626717.3158730164,-632489.9176931158,-633806.5957658818,-666879.5900799197,-666984.4503566129,-680286.8902638461,-685007.8990510178,-688351.8202679044,-695466.4665862345,-699848.8188957421,-700661.7420166121,-720066.6374707923,-741363.9887669712,-796082.2848497231,-817428.9104961301,-849348.5842024853,-849425.8280713398,-937166.4074179453,-961703.8056932854,-969899.5391350747,-977674.6842218696,-981741.0091682976,-992952.1356652187,-997832.7173696489
990609.2252824272,990208.4806882811,972162.270250554,966174.193175493,956165.3543512914,954434.105425593,902079.6287869026,850134.6280425922,845781.9661943994,841252.2083228917,816132.0452886012,785032.1710533889,776452.2054621349,760365.7336923943,738284.3058860672,737456.5661975816,684530.8375544625,656858.6817884066,651068.5308217993,646519.4198021572,633158.3017280269,605697.7598218375,580565.1508091455,571290.3071957985,560451.747367536,552248.5552357237,551954.2337003718,534946.4159928376,527958.6051121119,477810.8103289702,418380.1203247064,409273.5855454018,371814.6672770886,341512.8800156829,340453.09327118285,321166.225406399,303388.95052477485,295893.63938526576,292371.20971323154,246358.53300284687,238203.4139321777,231621.75892192964,230458.14630649076,222879.42703109817,209270.75663163536,172972.50821241783,172469.49797245,159986.73505967855,111330.43238434824,92078.00681517227,81069.70680586691,78227.57312097773,42577.66964718513,31807.46118665638,22771.23627490457,13981.55914377619,12125.978390598437,-47984.39041647967,-48690.90767413459,-60574.49996772176,-111985.92475060653,-123961.15419035405,-127101.7252042914,-127433.28092764411,-127558.64798442379,-136724.0824729019,-139192.2099842187,-165564.1419747203,-201756.92873685388,-236445.80731832038,-244938.02955045667,-252465.48208685277,-289954.84373673715,-315987.2285064298,-338361.8917401532,-393662.2718927738,-401957.54951882083,-414443.6752357901,-417412.6091212913,-550600.8416813968,-590702.8673633394,-592563.1767856112,-610182.5908883689,-689080.1742401747,-689709.9838865413,-714376.9992090627,-721837.8912848529,-741924.3800553248,-748813.4694849695,-750066.9041863696,-752066.5596033679,-755984.2604453319,-761221.53348729,-804660.962790785,-822703.3179671355,-831540.0042926795,-872764.0360548523,-898379.6033907086,-927585.2629578712,-930502.9058430761
988305.0676244553,980982.8717602494,967097.8457578509,960329.1589727008,943440.7230101516,930649.1874202753,920013.6022491788,916145.9594735904,909350.2510489402,876711.9035666191,859615.0160009391,858557.223376933,824675.8614110749,792567.830250378,785287.1960178844,771458.3074039714,718172.2416424083,682921.3650396534,627794.266722803,559562.1861440782,550051.9805867586,529874.7645930082,521831.2825995628,518678.78300393233,511274.26881390833,499260.0503009418,482809.63745854655,475305.9735343605,466519.0195535398,458362.19328172924,433325.32497957,422495.80275980313,411235.3710114884,381601.56729074963,366135.06683254475,312778.49201047607,277088.4537100964,203349.37626679614,177206.47559895925,167975.87992934347,157846.58889974584,139924.30470441678,137082.6127430671,116931.7163268074,101581.33874296793,81186.82320605125,56541.20331166708,20431.102373618167,16684.030276625766,-3641.2896788883954,-9023.890926927794,-56920.326161377365,-59005.20281221194,-61406.800392452395,-70049.36544216902,-93932.07568682428,-118591.41596916993,-127200.55090053473,-136494.81748994964,-156773.59859471314,-168422.03777282848,-171038.79121693864,-182883.95216618583,-193923.60549208836,-228252.03171159886,-243337.85071728565,-307441.9090895406,-308518.3963873845,-314128.0718477451,-318706.47605142754,-349033.06817942916,-363077.08603847446,-403615.1903430077,-416355.6701633311,-426275.92043680046,-449017.3140232328,-450785.8028405501,-498241.38807868643,-521419.8405786383,-532596.8039012151,-568864.2996376283,-589283.0455247262,-609029.8619891328,-618224.1396278446,-630806.6509758281,-669223.0661180574,-674171.3950692378,-696639.3278234559,-721447.5257440009,-727099.4576216661,-743585.6867546209,-806467.7054090104,-848392.0650608352,-862919.9290582461,-882560.1706572328,-898965.3084810514,-904396.1472296196,-934348.177094408,-936858.3606414773,-979661.3928676334
965858.677826361,941786.9087319602,925548.9162583097,918935.742753675,910788.8943075403,907677.7365718037,890303.3239163025,883464.5097986166,868376.3444970378,857350.0266507771,836598.331280739,808016.1531667777,805116.5705302262,791309.6012723099,788898.8312708619,767110.7381111509,692287.3059148837,666159.1291658231,632940.8930979287,626246.3204922345,624787.5826666015,595386.9414758538,558439.075394982,506162.6985413539,496154.1312389311,480975.2752770188,431925.6693907378,426301.21409799485,426063.9004745856,424503.6873489637,415046.0924836232,381234.0423999615,380234.46728563635,379701.6139743745,347702.72753872396,342306.78960653045,318370.08974477835,287287.4830015586,278621.19080102304,260814.63250380475,259173.5890595459,253268.7463170099,172601.09632241656,90972.43608644977,46730.501812902745,23792.873418699368,7859.887289426406,-9771.914023916936,-28743.020673783496,-65221.38910651277,-135757.34914046712,-228201.49318791612,-234847.83125421242,-237015.47682265379,-251369.0338015668,-252087.48680203932,-289098.95747587737,-289398.63498663646,-299730.26697480015,-308511.88193777704,-312512.7218194166,-317592.8747885515,-317629.0067024017,-318374.9477516324,-331577.19379828917,-361831.56179549685,-382475.4166561577,-410077.14596158103,-445785.32679124747,-460183.6482564643,-465878.35261943634,-467762.6068097198,-489385.09528575727,-551798.5525308691,-559431.3434183879,-569612.8309511549,-574675.0503252405,-627208.1240337135,-627571.8632025789,-651313.1419561697,-661335.2289065704,-662234.2519329619,-668735.8786018612,-669619.0095311042,-689404.6519023082,-750879.0351348629,-754396.5018703922,-755067.6207449272,-767917.7702685267,-774685.2538969005,-795817.898844281,-806650.855900618,-814310.5401454316,-853798.0848808137,-879432.9681954571,-888426.2946416663,-912208.4035686236,-932412.0987911912,-933378.7765370258,-941519.532733633
989646.4570596381,964267.0881217127,947145.8624899036,901553.5875440578,888412.1435244095,876209.7898354791,834533.9384245421,811175.4632403448,762008.7765628081,724138.9012866176,710492.4242995752,650307.5166744138,649894.8483731782,648933.7971811758,621757.275526362,590639.7999691619,569731.0117295461,556598.7214875512,532147.1840646623,520130.83411298366,516692.40078960964,512537.8072294274,510900.45775966835,470457.2960159129,460087.8614493732,441816.34957001475,436934.2819826177,391525.55170769384,386952.13917817734,328434.66610850184,301816.7603742685,252970.3087350973,239724.260407869,221710.15498126578,208575.38255860074,199895.6174536629,197489.95034238114,190183.3226003172,184612.3320174301,184022.90200613462,162943.15299690096,140797.8361776031,139508.15103653562,127700.83156423387,103899.44949577609,98946.1292557402,92309.49097275035,72897.07795199868,53123.492414623266,46233.13546530472,34354.507477935054,-9084.705063699046,-42798.61485078302,-64626.6699508233,-75622.33671539382,-83409.22934413038,-88297.82340321853,-94916.82287768356,-96488.9284006498,-102619.51327819703,-144712.45442833623,-193065.0947933474,-209605.99642403494,-232890.097714036,-256295.7236502798,-263908.2584256878,-274620.2179695645,-278626.0870629584,-290836.6012882419,-302738.5131639177,-329087.9441375936,-331214.71165939467,-350124.23891732097,-367105.89404902945,-394247.5922098709,-408182.1511178281,-440141.48957876547,-444097.0513121203,-451303.46109800984,-515231.60156663874,-541827.5474932581,-571239.5678461615,-604881.5956627327,-611023.147987335,-613188.7048813561,-632546.6970020937,-647680.8618627781,-675038.3730088125,-722000.0282239146,-725443.8509421675,-752166.6078793439,-785829.870001981,-807166.0478137061,-816668.1578599404,-843614.0993550794,-859099.3151585526,-877014.0788361314,-934244.3110487224,-962148.1318284053,-964520.4703066673
978242.8123042083,959689.0495261892,926145.4383566761,898116.0685610676,885633.6223139828,860104.3437325053,857845.5125711828,856725.334749067,845747.9988670924,837858.0885780244,831972.3773985512,829636.9856053863,804502.0608776575,796839.5088029902,738601.2677489875,661125.136766359,650922.0370048999,644081.9946975852,637476.732315928,621494.1092829306,616397.5216234173,576949.0987533429,563409.4321223116,535103.5515439082,534744.2576830776,525685.6040937544,525663.4461256647,513203.2072973151,483091.90675240685,480822.7856359803,449026.6714182105,439793.0275396737,385807.594704875,335500.82477701874,321380.80827254825,308759.08193312446,307976.8907729462,279933.489650378,274224.0884903704,207596.78413520358,206188.4568923025,144528.71014914894,131024.0815956518,120809.80087732547,92924.54107731138,84332.10705816187,36328.00039225351,-7780.693042737548,-21694.448370555416,-50832.457269370556,-57877.28652777884,-58074.20656058169,-66824.42207721563,-119627.21625950886,-123162.35681983724,-133809.17953640933,-136608.20016377163,-151552.9555663378,-154282.63528105267,-203206.19207587792,-211496.12788416632,-308584.1742365578,-310491.7658762676,-312262.9071019498,-376511.6719478718,-395919.96001885633,-404748.6931542272,-406603.2701260301,-424436.12788983923,-444901.8872555244,-494102.61710557266,-495856.5430677733,-496709.80113283725,-524639.840381965,-565960.6232667747,-569628.895935032,-587850.7709007921,-591061.3364446262,-597406.83864462,-616962.9808502293,-680251.6735850739,-695912.2029979075,-735056.2894981602,-735135.2081778155,-737850.7703839121,-748691.2626648643,-809842.5944243441,-844946.1476281581,-847364.093298666,-848554.9909403267,-853707.8196163692,-895258.2700400655,-911595.4372646695,-935846.7627376068,-939931.1071102018,-962178.5504559985,-973681.210041367,-979223.0776033637,-993939.5451361393,-994097.6781177673
995572.1394873147,987405.5060495299,984526.1758665845,937278.6388551795,926479.172268685,922211.273183072,909820.8150777675,905478.5829936927,884437.595190401,841750.5454041655,829475.5290343892,824912.9157619707,818742.0939296717,818248.8222100371,808307.5400877802,759813.0082979964,743117.3794560344,725021.480455067,722906.0590901382,692462.3188091761,691353.23217475,675187.2518392515,664304.9132534359,659726.8938084687,653521.1908095719,645145.47693583,642349.4858454093,613209.3762409231,590611.7892699558,574823.0169476292,513404.3296349016,482067.358020077,458336.26349057537,433836.7322623215,303771.507519044,283409.6659010486,234568.20597144123,230757.37987326435,168847.7337380168,161793.03723820532,136512.25299632992,132915.88993950747,103739.9837383558,75955.94711318612,21612.8236903497,-10381.434593857965,-24809.69602011633,-120869.21211024548,-125970.22059020889,-133086.5520414377,-155333.87944712746,-170497.56097897654,-179407.34380932956,-182949.0572878616,-188914.8366305742,-195526.70827789593,-211801.5712570427,-224611.18258737272,-224933.59144371632,-231539.58178997145,-232960.5016644008,-244390.70549767977,-275086.9040272508,-284677.05175968236,-312458.78681281593,-326459.9476430288,-379018.174254101,-401895.04390266165,-433269.1951670628,-436336.959905943,-438822.0416959078,-445636.25509227987,-453225.84512121056,-466896.9668481356,-475004.8380695953,-493175.7760602176,-496622.09503239405,-556754.36057621,-559509.7144328312,-596215.4138904137,-624566.3786481204,-654574.1593718439,-723266.6249447599,-730717.0814957395,-756884.0842492763,-767796.0981924771,-794121.6491892249,-806176.8678709782,-815512.0010777557,-834477.9177093648,-839998.8487773665,-849652.8678986924,-850633.2707879946,-867163.2358258087,-891958.3429128397,-897638.1555851669,-906393.6358144272,-925167.3183711984,-933404.9895333573,-947784.8158453817
986866.6758910462,930370.2667569153,908879.5136512718,865220.603570045,865123.5934073704,855481.1037548005,844336.9059681534,816428.620313056,807091.2898339422,754334.5874614536,741351.8186371145,739137.7198821458,717755.1029002748,703254.9272697694,646686.5532742443,635872.8219575982,604748.114136365,603801.5484433614,592080.5281223771,588978.6048420714,528172.5132339965,526047.9568421824,500136.4957654525,498741.54038373055,474460.68069393374,418621.69512382825,371016.0170889443,279569.08883600775,278723.09504573,272754.91237714933,252512.4310227516,208162.6796574928,207251.10397723853,171993.81595971156,156334.03154333564,115292.41726646945,83009.60262076068,18459.63437518815,8175.639698758721,6284.672846440109,-194.81738316256087,-10711.177604370867,-20394.355390579207,-24886.619507913827,-28025.99960070243,-28997.52743928018,-72773.51671843429,-98278.80677677656,-117781.31348146452,-136712.22782643163,-144668.8526035687,-149828.2447514647,-151297.9221498398,-159044.59650898923,-159814.67042180314,-191620.71672952943,-229234.84983473073,-288706.4414708471,-297099.7117750407,-327119.3393257763,-337833.87929952634,-358172.3595702284,-378849.5292146121,-414655.3469845642,-457315.9915109393,-465412.61032025807,-470393.302155236,-490034.272578888,-490749.4491377402,-490977.2762692153,-503256.349193572,-543350.4529980905,-636560.9003118481,-640664.6833636458,-654107.413741291,-661176.4599395782,-666743.8048364336,-675644.3823824904,-692541.0503747112,-702237.1876018234,-729056.0622577362,-738840.5489507627,-750136.6536262912,-768644.9508681983,-793275.245748829,-850574.6776168406,-862133.579839862,-871883.1906808801,-874340.3284346188,-892820.8486846669,-898538.4136918335,-900991.3318776415,-936645.7896924973,-950520.060634972,-950545.1129557178,-953482.9877257074,-967466.4757540004,-968593.9541668309,-978515.739168917,-993009.6063295861
982527.8986490692,979574.1545333979,900519.0026703251,890883.3107337661,880808.1245950791,828347.6874750659,824250.1488449429,807967.1762491963,778063.1633012772,755714.2303661222,725706.064804107,712884.4594061032,709200.4533857624,685212.9370128151,682513.1455659338,657018.2125149772,626906.6696300013,602479.9575897125,588977.8676219878,579668.8855785059,543926.609211843,507279.52269108756,496597.8532890426,478743.5531780557,473309.13935709954,459963.5976063034,450140.5459117519,388279.9966694298,362038.5523516361,332747.1831706895,325555.27785005234,319731.15676149074,291270.0967229863,281842.26376330503,244478.19628236,222709.91825974407,208307.26260820078,185300.57978814864,116021.22177530336,71405.72460457706,59982.49084684742,57984.53845957131,51847.685175918974,35885.83851512126,22820.51161005441,19365.262028594734,18247.70318125293,5401.736723084934,-143047.86122649466,-177422.35749330313,-225850.07615877234,-231576.30761482357,-236200.0302952287,-238323.41917650285,-256574.11988840508,-269434.16184337216,-290313.6549679717,-311400.1693485038,-322578.4456477349,-327872.5973238144,-333395.0561256283,-343689.7276969957,-361727.202278491,-385248.96449831326,-385288.9307370706,-404082.65757214697,-408518.4544261262,-422539.31954911246,-447867.6182931521,-467889.25262324547,-514590.0698625279,-535654.9856579883,-566700.1539025279,-621772.5514484791,-632240.6199692162,-663912.5284635331,-752135.882895512,-790037.2804398328,-791826.3098168822,-815034.3982482275,-821028.2790456058,-825228.4296662919,-830471.6412804993,-850704.9275528349,-859736.9394021166,-887694.8186444868,-897622.5170525999,-900175.4451036763,-902720.0314116393,-915378.7012672531,-915525.9724130409,-920119.0250981075,-926204.8102824434,-952279.9492814293,-960022.3116191291,-966800.3544663435,-968418.8150429695,-978507.3164425952,-991992.9277356192,-996230.2175070599
994919.6875656953,980787.491979768,954685.6161452348,913444.8645108398,903662.1662656502,898896.2660700283,893667.6234194362,826060.8545122216,794303.1214653717,786754.2032689357,774865.5821584298,755987.492555911,742548.6774391234,648528.3081780472,647555.6788225155,629105.5110803512,611164.0407228295,601896.1322093497,591266.2790742079,587772.5588708955,584080.4280888471,562719.3368088165,558358.7124743043,531859.6056029026,526355.8605631024,522272.7032153893,506126.187160986,464732.0558693574,436312.9347171057,431016.2507358035,430993.92124031857,385887.8714976951,348776.2204282803,321976.4605753026,320652.32005516393,305981.0696857122,267566.2426840416,248513.17451756634,202070.22390609398,194737.29220902734,185053.78719457192,182615.0432817326,182232.6503909456,181064.09861027892,103540.59303961066,89150.28870201274,65647.33702010754,63960.71839048597,40736.69695843884,9611.338913983549,2693.310844109161,-17937.37435800885,-36606.13551660115,-42040.0828775547,-49329.40686608362,-57457.81002717104,-86885.26566480647,-161816.24632880976,-180390.39853709843,-185210.18492649507,-194485.57559144567,-253828.1584213595,-291285.9451551555,-300829.5717672012,-316190.4442192118,-381520.8571532696,-423628.38216290413,-434998.68820290733,-435467.8829140017,-450174.1585301651,-452814.74018060684,-476304.715372609,-488025.89499071124,-498665.20445130224,-501127.26432914246,-510693.1773711114,-527104.0139961909,-562078.4617166534,-575197.0212356688,-587958.4134599409,-590668.6009888023,-596134.5423149869,-607459.64541591,-609735.1046757484,-620609.2918667786,-647321.8496506112,-667248.7813869488,-687502.8502952371,-699758.38847361,-775622.4850780135,-801039.9446675007,-809780.1632402363,-850088.4645150679,-863180.7239094735,-880212.1574855086,-929179.9205328875,-953787.8734083804,-984175.9199399732,-992943.338101459,-997703.1177376672
989957.7306706237,950454.2744377449,931436.2531073275,910169.5492983575,899177.8685033806,857560.3827288486,848464.9218193437,801027.802524951,771671.401422957,770200.0433128001,750230.3383805666,716032.3334125534,710170.7558923005,687117.1245018218,681120.3073560861,648137.7410160895,623094.9623981498,623019.942159829,568089.5053018341,540095.6171045371,534511.9554911191,526333.2148820348,462938.60700314306,460733.5843189466,458171.33299141563,456055.3556730978,451984.7809294155,448616.4304399078,430877.68290196895,361082.90532199526,353026.08858931647,344919.78862290457,328763.05414921837,306485.6351872722,292665.85641712695,283435.46415416966,266876.4604447989,264970.58487324533,264211.43383699306,259899.02785872738,254832.46758358227,197446.83332950785,147779.4173823006,119026.13415717124,118219.78368210117,89191.7697058497,86228.56905227434,30943.20339599508,24005.412003723904,19316.54668237106,15574.078336479724,-26381.438085040194,-45730.86249691644,-54075.385721409344,-54868.59933721379,-129891.06504304067,-151448.86600339704,-161963.47946740675,-166230.2490394893,-169964.80543681106,-188225.16592156922,-188408.7017616909,-199485.9546609698,-217863.35554380098,-218585.12756023288,-223478.15405389748,-225452.69714928675,-229302.49416727654,-242542.84896793577,-253430.19690494903,-262600.89244959154,-361956.0663235794,-379289.1994694136,-379583.42779564403,-380288.7739363272,-393219.51222562965,-406052.49291334115,-424739.2280794948,-425745.50089647435,-468945.0261080465,-510294.6863002693,-586996.290425055,-620654.8536131142,-628963.1336642401,-629050.9457595306,-657658.3828497664,-670997.2054404003,-697872.1534705565,-753689.0515125998,-759316.1175357039,-777973.425501905,-791273.2971029952,-851808.4802107548,-854723.8309481149,-910089.3934315002,-919566.0950908908,-940698.2630724148,-965473.2240651902,-991155.2587858583,-993835.4304610175
975735.5024857481,974301.1873936548,955852.4052557033,937693.5403378557,897421.6979757638,876139.0757149991,856929.8231931201,855237.4790353668,840437.3455260328,743823.7374980305,729322.48711842,672782.885581668,667331.5532037972,649992.7689350857,625095.6501922368,579722.5991744306,562467.8446546609,555044.6860355653,528088.3220628493,480878.7402074842,471265.6030478638,465854.7778688953,409673.187668598,405215.4255206487,380843.02369161416,380126.78514716635,364624.9407078512,343803.8684930438,337516.98048943235,311182.86902156845,296962.9094604978,279497.1918711802,276048.62904516,272802.31407897803,244295.94679156458,238909.7737087591,231599.24205464008,206880.66635888908,202883.85760128568,200683.35903929127,158667.38360341382,143325.23406270985,118955.88275344088,94908.64520185278,78910.44597294694,77954.25176651799,73117.56012649904,65653.78069974203,61190.61209059111,57044.33206132706,51273.243145925226,41796.89299519535,14092.325401653652,5192.988907222869,-20016.3230078707,-67816.12822629896,-86788.07480197179,-90975.84349201561,-124747.43667894299,-189869.6662260606,-207231.91228319076,-212977.1320394713,-226083.42946689914,-233803.39569022856,-255947.43784863572,-259368.1211495971,-262703.6400137701,-274815.7470738543,-360199.1442372168,-386403.54383194156,-420324.28988633887,-429720.9586627035,-519338.1065584897,-520449.7468262279,-531489.6602457402,-564140.5119786913,-574235.103123477,-606028.0832179976,-621870.8168516412,-632201.8644318521,-647546.1299257113,-648911.5973224269,-660924.1689705057,-670503.5300492824,-677237.3005493466,-689666.9861511526,-709105.4042672799,-732993.4653155701,-800538.9809325669,-818864.1631230398,-823053.6054702757,-879438.1704815773,-882673.9543074877,-895783.2249931584,-898524.0290296341,-936626.045234562,-942995.2360280898,-947209.4322489004,-965273.4807315946,-995456.8774089183
946403.5346607184,943915.0684486995,923492.6171236765,918663.4533969441,905511.5410616694,874201.981467986,782225.636842607,753477.1696169253,725241.7815425734,718484.8375865242,694724.0204207906,672697.0974036348,659735.6802590729,617738.5851145515,597543.1522395553,586397.6620479766,573905.1276769703,554309.5958909635,549088.7638487162,544194.491102488,538466.1535410709,525078.7639483823,516433.9535610778,510793.01192180486,485821.94398901705,484997.97362428904,448532.55131739145,438766.5011742243,422441.56354964897,415749.11131967884,413293.6462680134,392879.4484180587,373938.1521082206,369980.9597513357,296589.61298505473,278083.114256785,247813.18023249134,203161.26346454024,186079.1227101353,163051.37180849654,158987.1769930604,138517.26361334696,130697.81225752737,107795.72772761201,50723.04042154038,46520.8595070967,30570.901827814174,29709.141682440648,25498.353378143627,-14681.483053007745,-15562.920152189443,-46957.90515865304,-143167.46935904608,-205801.536715355,-218831.06814981042,-229537.77808969992,-234920.6090962115,-236676.86007736658,-248315.12688025483,-259569.32690881065,-278445.5508174413,-324361.2090135546,-334719.70722197474,-341971.14312632196,-366438.673978867,-367021.3426182931,-369287.46060046484,-370712.2582069861,-380612.0893218523,-398756.05511411047,-411599.16294711735,-456864.1770568694,-499169.56536359614,-504483.150620237,-514015.3646716532,-519870.0421534816,-557537.9664102411,-557901.7493166963,-579984.7915456295,-635926.9370094021,-692218.7122727508,-695671.3719656517,-707481.9408094999,-712672.703456809,-713921.1338466456,-717770.9926152856,-791615.6529921727,-822601.4700211257,-827532.4189331741,-830782.6431196092,-837302.4928938908,-841454.5581011581,-843357.2142885464,-857131.9118619269,-866957.8520751891,-881783.3383824576,-881971.4153591716,-892572.193100133,-942158.1157370122,-976491.0060793355
982539.4342070846,975702.2032288664,953484.7512164167,938782.4654999769,934205.3253740189,933888.5653756473,869802.5282375792,841982.5364304313,820659.4732371082,807190.7909575412,797981.5360653761,794544.9978262158,778925.2958252351,754758.7435885428,745700.1479584104,730490.6759597131,729089.063645632,706920.5682187923,694578.6291507569,659323.7096027497,637784.7818722292,633519.3652817141,631415.757500069,626931.2656045624,616792.2645882394,612347.4034112231,608755.9828999608,477547.1958589845,457560.6366698183,439490.7217143781,405206.78826821595,371344.60344096343,333631.29842869984,325388.1544054551,320365.18813700555,307070.211646911,306717.2804561516,293224.00804556906,255209.67294653459,253398.12130219745,241049.97024054267,196563.55231326958,178041.27787011303,167933.39402874163,142079.51399366534,134870.61148156202,126603.04755887459,72505.75583129912,70522.58102850313,65572.69872951391,62836.304304916644,49078.74780611321,28106.72575101722,24575.207702882006,14944.392396314652,4833.679106293479,2007.2209336605156,-54392.82955447107,-117641.80386346253,-130642.7769508207,-139169.2200006207,-181372.62657503772,-181723.59728705324,-230224.33055137866,-252385.66846666147,-273885.96218158235,-329637.0549377366,-333259.9150015112,-389435.68924057856,-395602.88199103624,-400729.8453119006,-405173.89348768676,-410488.39640096645,-436004.1299918946,-437924.1407089032,-479153.71453086997,-540183.4921134403,-558612.9365577803,-564007.2807297207,-594332.478235018,-598631.9537158266,-619505.4700446887,-654804.9682533147,-664627.0043096277,-689226.2398938965,-736677.4749334143,-749454.0178204676,-791673.8203002578,-797284.4060470767,-834426.4598849402,-854845.0182572372,-862216.145206018,-882226.1416692068,-908311.5551196062,-916165.0490762809,-922335.4369890917,-945387.9372074226,-947662.5278611413,-975639.7830978283,-988836.4082334405
975869.8159882729,968844.3832983423,964309.1132955435,958757.7792406313,938444.6061137558,932787.5312394055,923326.148119669,902814.47825302,902588.0608224988,829252.1736411792,794577.2018904393,756938.5731904744,724451.2994257719,724311.2518452522,688311.1060273042,680879.0066597892,659579.934522178,612798.3211896545,588343.1348387343,543396.9821210182,474123.94289325294,465788.5701562781,448939.3358016438,448819.2099562888,441456.0069200236,439949.60497579514,429200.1816836472,427120.49803193775,424327.4382196553,391807.9500612938,378921.4471904002,378383.3301183267,375885.4359583771,339481.6732899868,336799.73529852415,325114.1651184205,300468.21963885124,267296.4804502269,267230.24738960015,221644.04319066228,219243.16332259588,211890.77666601795,205528.54847649322,162979.9466069697,161295.58505850122,138672.86879363866,132163.5142170717,97042.48625195725,60560.60383772873,27036.896352959215,18567.991104161018,978.020552859758,-16139.96135613753,-18959.1925007042,-35683.23340875073,-50502.88719563896,-59315.519715604605,-95081.31078501453,-112437.14547318034,-147043.4846267883,-187652.12485610053,-195977.39328689885,-243685.8469588292,-256321.0690568434,-264635.1190146243,-268439.64030120766,-279554.0603709916,-293635.6791731607,-308903.94344575214,-325524.2749945291,-326960.5681908863,-332546.0133085463,-339372.38286974945,-346275.0626398467,-350739.34108087036,-377908.60585162346,-385209.88333606755,-400598.1779190691,-424623.6011393503,-472014.4087999138,-479979.7368295642,-606103.4651002684,-666077.0516983797,-672112.9175823769,-694594.1693388191,-698113.1847883759,-701578.3481829711,-726710.2389548742,-761145.9153260018,-769430.5837942383,-777179.4802813444,-801968.1177195297,-805892.6474059891,-833677.9802326842,-849408.2739344689,-857477.3444138559,-861438.359666951,-909999.0840087839,-921887.3679471195,-938874.5231813482
997534.5179487048,979130.9224240964,972345.4232947174,961139.4088241113,882559.6285887882,836291.4226189861,794501.2038381805,773156.2669481258,768602.1458193287,763117.9139974995,735345.4018852811,654726.4350937577,645099.4819179655,630128.5925740348,617725.0685058145,615634.1576417913,605723.390359428,505808.72810344235,499439.2778810952,421947.0500949407,374182.30752870697,369368.6473261125,366876.15949036484,362823.55302796955,360395.56726253196,262308.3681763271,257824.97884784802,227058.6748683448,220774.887260288,209311.6917964816,196304.0133989188,194425.20630971785,156676.1928006478,124031.08672141773,112304.2087349766,108916.07241465803,100804.70416521025,99720.9681358391,55531.26056969422,-5686.292765621212,-9255.944162190193,-25389.868176021148,-40664.73882840341,-55315.04762718466,-67792.33611220901,-73212.52119036799,-78694.73353820958,-78823.09407620027,-93874.53352400812,-103610.38772835757,-108517.38290924276,-113562.49813631084,-166774.1952014668,-236197.7761789515,-239482.37868888862,-275300.4745222867,-292241.59792354994,-332922.8518261211,-335710.20964854176,-341066.4323323986,-348093.06762706686,-370730.1527252005,-391931.1622965322,-408486.4687620449,-494265.51035867794,-500112.27918787446,-501920.3851945939,-530146.5875022087,-531258.2741744511,-536903.5276429299,-546864.4065607337,-551958.7289665517,-557307.3403437419,-571339.6094435581,-576147.7860759716,-577914.6277424858,-602681.3826340291,-604095.6913429399,-613393.2301624563,-629098.7719210605,-641842.4173710953,-655416.4914985739,-715162.4490174602,-719673.2685627656,-735737.692563518,-786909.9356408116,-794822.7511730224,-794944.3365228525,-796386.2521756118,-798765.7471628343,-811215.8532422849,-855271.1505407076,-856568.0928310009,-860573.218452559,-864409.2791769713,-892615.0490222226,-937406.0670250219,-950962.4058136465,-958706.3180433708,-996027.8015019486
982526.5891438143,953594.9241596072,949652.9351959194,927527.4363063208,920773.4828558858,911833.281434997,896460.3046023543,895507.727376092,889259.7825389807,861758.6517548915,860877.9612792986,856500.4469720863,839607.8615436372,806402.5666706257,798267.674700859,797565.819246731,795103.0293433699,767598.1267742352,763872.3530320018,725025.6582636752,720500.7958910335,712703.8933930495,688992.0811435753,651227.643716488,642409.2861857798,630900.6461020289,615211.3658940915,609518.955699971,608239.6618658458,578286.0227546473,570852.2613983662,552107.533552873,546507.723787352,519440.69552026107,503244.47404296906,500642.32879745984,489069.1292543884,424992.8345942672,419655.7773486483,362570.7188137765,253871.86333989515,241496.26146131894,191815.19239201816,180943.87879622052,166655.9599610546,160955.3147493007,128940.64140552678,125430.19161999179,114498.50013113045,95879.64261861378,94550.02009351668,85971.43210184551,78842.48725525383,63350.32203200762,42434.461209587986,31171.703943701345,4242.000988693442,-509.29820715042297,-5462.883436229546,-7107.81383934035,-54977.01951655594,-99656.54770451167,-185739.3065932535,-188751.7182780658,-202009.73626082973,-214971.99959120632,-244822.8560573163,-250696.49522820872,-260145.09759635793,-324422.7586280728,-355463.7539489906,-417419.0651765,-417604.4050166301,-458526.8857854316,-471753.65961916954,-519260.68582862505,-523587.74734009936,-531279.8132248106,-552648.7335352087,-585682.0584992999,-636039.3773661777,-648290.0237794614,-657099.2602267433,-703451.5336383826,-713116.7006377439,-713600.0338149193,-714108.1354430586,-749724.0101431104,-797017.893501709,-816339.3354062078,-820356.534819431,-859194.8563917171,-862895.0326416014,-914644.3205623407,-941970.2224762297,-952018.1908400101,-965594.505180881,-966652.5886025241,-977760.3188525217,-979494.6369699076
957044.5052360024,956292.5048647781,952619.9651626882,890009.781436115,860969.6513387954,859643.5421064142,841710.4309160055,835064.2455740953,829990.0956112784,786715.5230924422,782071.3614072967,772056.9498280655,768144.7060662806,752706.1460316081,703344.9111589678,691364.1851500995,686098.89962451,650933.6421442532,633538.7695208329,625619.9573581216,579982.2087942741,572515.6042567827,546851.3833332143,537770.629222502,529382.2977384953,526251.6770133888,519998.74410419073,516525.1959766601,502638.7216723191,460051.8778743562,454720.31107831607,421643.57345563686,418188.9940738445,409583.7069161739,404271.2245230712,401517.6533209691,375562.9080941612,364452.57649142365,347558.5359906079,317768.2165715506,306470.596475407,281119.03938582167,268964.2651370121,251504.21913473797,181187.97062008316,180859.30809077946,160190.15815438004,124736.480088491,124046.69242274296,40931.392146303086,30597.113817022648,-15855.085483579896,-43741.04016809934,-48666.054460966494,-51134.964818543056,-63064.675858309725,-63786.46578395972,-74011.95197173103,-103278.27649050357,-144534.044692614,-155415.49769627186,-184965.19260005304,-223257.1857771146,-228015.65357459278,-250532.34659567662,-262043.6415556915,-286991.8232272357,-295867.49569861696,-330791.1308025599,-354742.82005018496,-373872.7274597031,-374163.70400140877,-382059.72962973325,-385678.58561489545,-396605.7315788618,-402729.6185305192,-436121.94019452226,-437697.5099913005,-471735.605915081,-511497.2311084942,-536218.4052065557,-561225.499354098,-598886.251241198,-603106.2260767589,-619866.5061396528,-642700.7133066317,-652139.5250680982,-687095.0937420824,-737358.1157113044,-744143.1038376221,-752409.8227479397,-775332.9676140517,-775842.9559115239,-811718.5988695006,-886636.4613203324,-888027.855430851,-929858.3947505238,-946695.7957080406,-961160.2807287418,-976690.4945881374
